category_id,category_name,category_type
1,Miboo,Coffee Guatemala Dark
2,Ntags,"Pork - Tenderloin, Fresh"
3,Riffpedia,Cloves - Ground
4,Voomm,Lettuce - Frisee
5,Oodoo,Beer - Original Organic Lager
6,Jazzy,"Pasta - Cannelloni, Sheets, Fresh"
7,Meevee,Chicken - White Meat With Tender
8,Jabberstorm,"Cheese - Manchego, Spanish"
9,Photospace,Sobe - Tropical Energy
10,Yata,Appetizer - Cheese Bites
11,Gabcube,Thermometer Digital
12,Meembee,"Soup - Campbells, Minestrone"
13,Demivee,Cheese - Victor Et Berthold
14,Voonte,Glove - Cutting
15,Bubbletube,Sauce - Marinara
16,Reallinks,Carbonated Water - Strawberry
17,InnoZ,Roe - Flying Fish
18,Dynabox,Wine - Delicato Merlot
19,Voonder,Pate Pans Yellow
20,Skippad,Ostrich - Prime Cut
21,Brightbean,"Beans - Long, Chinese"
22,Omba,Mousse - Mango
23,Browsebug,Chicken Breast Wing On
24,Skaboo,Chips Potato Swt Chilli Sour
25,Oyondu,Shiro Miso
26,Dazzlesphere,Vinegar - White Wine
27,Skyble,Oil - Hazelnut
28,Skipfire,Cucumber - Pickling Ontario
29,BlogXS,Pork - Liver
30,Realbridge,Onion - Dried
31,Flashpoint,"Water - Mineral, Carbonated"
32,Browsecat,Snapple - Iced Tea Peach
33,Feedmix,Fib N9 - Prague Powder
34,Eamia,Wine - Riesling Alsace Ac 2001
35,Twimm,Spice - Paprika
36,Fivebridge,"Halibut - Whole, Fresh"
37,Oyonder,Bonito Flakes - Toku Katsuo
38,Fivechat,Lettuce - Boston Bib
39,Tazz,Ecolab Digiclean Mild Fm
40,Lazzy,Scallops - U - 10
41,Gabspot,"Mushroom - Shitake, Dry"
42,Flashspan,Clementine
43,Thoughtbeat,Sugar - Crumb
44,Innojam,Lettuce - Lambs Mash
45,Yakidoo,Sherbet - Raspberry
46,Skimia,"Wine - Saint - Bris 2002, Sauv"
47,Brainbox,Snails - Large Canned
48,Yabox,Lamb - Sausage Casings
49,Zooveo,Meldea Green Tea Liquor
50,Skippad,"Wine - White, Mosel Gold"
51,Meembee,Piping - Bags Quizna
52,Dynava,Brandy - Bar
53,Meedoo,Food Colouring - Orange
54,Kazio,"Tray - Foam, Square 4 - S"
55,Oozz,Vinegar - Tarragon
56,Quire,"Wine - White, Mosel Gold"
57,Gigabox,"Onions - Dried, Chopped"
58,Skyba,"Gingerale - Schweppes, 355 Ml"
59,Tekfly,"Sprite, Diet - 355ml"
60,Leenti,Oil - Margarine
61,Edgetag,Shrimp - Tiger 21/25
62,Oozz,Seedlings - Clamshell
63,Yombu,Container - Clear 16 Oz
64,Photobean,"Pasta - Penne Primavera, Single"
65,Topicblab,"Beef - Bones, Marrow"
66,Yombu,Wine - Barolo Fontanafredda
67,Oyoyo,Dragon Fruit
68,Flipbug,Cinnamon Rolls
69,Meeveo,Bread Crumbs - Japanese Style
70,Skinix,Sponge Cake Mix - Chocolate
71,Browsecat,"Yogurt - Strawberry, 175 Gr"
72,Lazzy,Egg - Salad Premix
73,Photobug,Wine - Riesling Dr. Pauly
74,Edgeify,Chocolate Bar - Oh Henry
75,Avaveo,Carrots - Mini Red Organic
76,Edgepulse,"Lentils - Red, Dry"
77,Roomm,"Lentils - Green, Dry"
78,Blognation,Alize Red Passion
79,Ntags,Sauce - Plum
80,Agivu,"Wine - Red, Antinori Santa"
81,Linkbridge,Honey - Lavender
82,Skiptube,Container - Hngd Cll Blk 7x7x3
83,Eamia,Beef - Sushi Flat Iron Steak
84,Quinu,"Pasta - Spaghetti, Dry"
85,Skipstorm,Cheese Cloth No 60
86,Skaboo,Cinnamon Buns Sticky
87,Edgewire,Tomatoes Tear Drop
88,LiveZ,"Water - Spring Water, 355 Ml"
89,Feedspan,"Pasta - Lasagna Noodle, Frozen"
90,Voolith,Rice - Aborio
91,Jaxnation,Sprite - 355 Ml
92,Flipbug,"Beans - Black Bean, Canned"
93,Rhybox,Beef Striploin Aaa
94,Wikido,"Ice - Clear, 300 Lb For Carving"
95,Quimba,Veal - Knuckle
96,Vitz,Latex Rubber Gloves Size 9
97,Jazzy,Soup - Campbellschix Stew
98,Dynazzy,Whmis Spray Bottle Graduated
99,Skyvu,"Potatoes - Yukon Gold, 80 Ct"
100,Kwimbee,"Beef - Ground, Extra Lean, Fresh"
