notification_id,customer_id,created_date,notification_type,message
4324,1,3/6/2024,Daily,orchestrate revolutionary experiences
55479,2,7/15/2024,Once,cultivate revolutionary platforms
391,3,6/8/2024,Yearly,monetize 24/7 synergies
4346,4,1/21/2024,Weekly,deploy magnetic e-commerce
67036,5,10/23/2024,Never,visualize transparent supply-chains
734,6,8/4/2024,Weekly,engage bricks-and-clicks models
61736,7,5/30/2024,Never,scale scalable e-services
0143,8,3/9/2024,Weekly,strategize frictionless metrics
47,9,2/10/2024,Seldom,benchmark leading-edge paradigms
06,10,11/10/2023,Yearly,maximize mission-critical applications
40151,11,2/13/2024,Yearly,leverage scalable users
05865,12,1/7/2024,Once,innovate leading-edge platforms
4,13,3/30/2024,Seldom,monetize visionary experiences
28047,14,8/27/2024,Monthly,aggregate dot-com deliverables
19655,15,7/29/2024,Daily,deploy transparent communities
86049,16,2/21/2024,Seldom,incubate clicks-and-mortar niches
32461,17,3/23/2024,Monthly,extend mission-critical functionalities
82127,18,4/27/2024,Once,evolve rich users
313,19,10/5/2024,Yearly,drive 24/365 interfaces
5407,20,11/3/2023,Weekly,implement visionary niches
35913,21,6/7/2024,Often,incentivize virtual supply-chains
7639,22,10/30/2024,Often,deploy integrated convergence
68,23,12/27/2023,Daily,generate intuitive architectures
22,24,8/22/2024,Seldom,streamline extensible functionalities
822,25,3/23/2024,Monthly,synergize sticky methodologies
9763,26,3/18/2024,Often,monetize visionary infrastructures
24891,27,9/6/2024,Monthly,streamline strategic ROI
5,28,2/12/2024,Seldom,brand granular models
6787,29,12/19/2023,Once,strategize enterprise solutions
60,30,12/20/2023,Never,implement cutting-edge e-business
94906,31,3/5/2024,Monthly,optimize global web services
17775,32,7/7/2024,Seldom,evolve efficient solutions
8,33,4/30/2024,Often,aggregate value-added e-business
1,34,9/6/2024,Daily,reinvent out-of-the-box platforms
602,35,6/1/2024,Yearly,monetize virtual initiatives
84,36,8/17/2024,Seldom,synergize turn-key eyeballs
1616,37,2/9/2024,Once,empower clicks-and-mortar deliverables
682,38,3/21/2024,Seldom,deliver next-generation content
1140,39,7/3/2024,Weekly,utilize seamless networks
3658,40,7/5/2024,Never,reintermediate 24/7 niches
205,41,11/27/2023,Seldom,matrix 24/365 applications
55,42,4/24/2024,Yearly,empower scalable infomediaries
17514,43,8/7/2024,Yearly,disintermediate sticky models
85786,44,6/20/2024,Often,iterate scalable networks
291,45,3/12/2024,Once,seize end-to-end platforms
38800,46,7/15/2024,Often,empower world-class ROI
7,47,7/1/2024,Daily,drive mission-critical e-tailers
6015,48,5/29/2024,Yearly,redefine virtual technologies
75,49,1/5/2024,Seldom,synergize seamless web-readiness
94,50,10/6/2024,Often,benchmark bleeding-edge niches
96098,51,3/13/2024,Yearly,expedite impactful web services
0452,52,4/30/2024,Daily,enhance scalable eyeballs
632,53,4/16/2024,Monthly,enhance bleeding-edge users
3500,54,3/5/2024,Never,iterate clicks-and-mortar partnerships
30477,55,2/1/2024,Often,leverage synergistic methodologies
7472,56,7/27/2024,Yearly,reinvent turn-key metrics
55,57,11/30/2023,Monthly,reinvent rich initiatives
155,58,9/17/2024,Monthly,transform real-time initiatives
3246,59,7/18/2024,Weekly,brand efficient eyeballs
7010,60,12/21/2023,Monthly,aggregate transparent communities
8955,61,4/28/2024,Seldom,reinvent impactful architectures
9815,62,9/5/2024,Once,engage front-end infrastructures
225,63,12/19/2023,Daily,facilitate clicks-and-mortar niches
45924,64,12/10/2023,Yearly,transition front-end infomediaries
79203,65,6/22/2024,Often,harness one-to-one eyeballs
02,66,7/6/2024,Yearly,implement holistic infomediaries
62077,67,9/27/2024,Daily,recontextualize compelling content
1925,68,9/24/2024,Daily,recontextualize proactive paradigms
36,69,6/3/2024,Yearly,synergize rich supply-chains
427,70,7/30/2024,Often,integrate next-generation e-business
3525,71,2/5/2024,Monthly,envisioneer virtual technologies
3529,72,9/10/2024,Often,facilitate ubiquitous platforms
3,73,10/5/2024,Often,reintermediate magnetic users
27418,74,7/11/2024,Monthly,optimize scalable systems
38,75,5/28/2024,Seldom,utilize cross-platform convergence
069,76,8/29/2024,Daily,seize real-time mindshare
85097,77,1/27/2024,Yearly,extend e-business eyeballs
4,78,12/4/2023,Yearly,whiteboard virtual infrastructures
00775,79,7/1/2024,Weekly,facilitate robust deliverables
3899,80,11/14/2023,Seldom,synergize granular synergies
1439,81,9/16/2024,Daily,unleash e-business functionalities
6771,82,4/13/2024,Daily,generate plug-and-play portals
1,83,12/1/2023,Once,utilize world-class channels
76,84,1/16/2024,Once,implement open-source platforms
1068,85,10/8/2024,Often,optimize user-centric eyeballs
6,86,11/14/2023,Daily,revolutionize B2C initiatives
667,87,10/16/2024,Once,orchestrate end-to-end action-items
22,88,6/20/2024,Often,monetize open-source metrics
188,89,7/10/2024,Once,monetize integrated action-items
975,90,3/25/2024,Never,synthesize transparent e-markets
20878,91,1/7/2024,Seldom,transform integrated systems
1290,92,12/9/2023,Never,transition 24/365 ROI
92,93,7/16/2024,Often,aggregate dynamic relationships
647,94,2/3/2024,Once,incentivize clicks-and-mortar mindshare
0,95,8/16/2024,Seldom,synthesize clicks-and-mortar initiatives
651,96,10/19/2024,Often,synthesize clicks-and-mortar e-tailers
3960,97,8/30/2024,Weekly,incubate virtual technologies
2929,98,8/30/2024,Often,aggregate distributed relationships
36,99,9/14/2024,Daily,embrace B2C deliverables
498,100,4/8/2024,Daily,cultivate open-source partnerships
