rating_id,customer_id,rating_comment,rating_date,rating_image
1,7217,revolutionize viral mindshare,5/15/2024,http://dummyimage.com/217x100.png/cc0000/ffffff
2,2,seize front-end markets,4/3/2024,http://dummyimage.com/219x100.png/5fa2dd/ffffff
3,26,transition out-of-the-box networks,6/13/2024,http://dummyimage.com/129x100.png/dddddd/000000
4,44248,visualize cutting-edge niches,12/28/2023,http://dummyimage.com/150x100.png/5fa2dd/ffffff
5,495,benchmark user-centric portals,3/6/2024,http://dummyimage.com/218x100.png/5fa2dd/ffffff
6,5114,exploit ubiquitous mindshare,7/2/2024,http://dummyimage.com/195x100.png/ff4444/ffffff
7,6,visualize next-generation partnerships,8/23/2024,http://dummyimage.com/149x100.png/ff4444/ffffff
8,0,generate killer solutions,7/17/2024,http://dummyimage.com/129x100.png/ff4444/ffffff
9,82053,seize holistic models,2/9/2024,http://dummyimage.com/226x100.png/5fa2dd/ffffff
10,22968,mesh mission-critical infrastructures,12/15/2023,http://dummyimage.com/182x100.png/5fa2dd/ffffff
11,9618,transition 24/365 portals,2/3/2024,http://dummyimage.com/225x100.png/cc0000/ffffff
12,4258,envisioneer e-business mindshare,3/8/2024,http://dummyimage.com/181x100.png/ff4444/ffffff
13,87,optimize 24/365 e-markets,7/9/2024,http://dummyimage.com/179x100.png/dddddd/000000
14,702,drive interactive paradigms,10/14/2024,http://dummyimage.com/230x100.png/5fa2dd/ffffff
15,19524,target clicks-and-mortar applications,7/17/2024,http://dummyimage.com/195x100.png/dddddd/000000
16,22683,facilitate one-to-one metrics,12/25/2023,http://dummyimage.com/184x100.png/5fa2dd/ffffff
17,3457,reintermediate strategic interfaces,12/14/2023,http://dummyimage.com/162x100.png/cc0000/ffffff
18,77,recontextualize open-source interfaces,12/5/2023,http://dummyimage.com/197x100.png/cc0000/ffffff
19,97728,implement customized markets,1/8/2024,http://dummyimage.com/132x100.png/cc0000/ffffff
20,296,revolutionize magnetic paradigms,6/22/2024,http://dummyimage.com/122x100.png/cc0000/ffffff
21,9,maximize integrated e-services,9/27/2024,http://dummyimage.com/190x100.png/dddddd/000000
22,4,exploit B2C interfaces,6/21/2024,http://dummyimage.com/125x100.png/dddddd/000000
23,685,grow strategic web-readiness,10/24/2024,http://dummyimage.com/169x100.png/ff4444/ffffff
24,262,productize cutting-edge infrastructures,6/12/2024,http://dummyimage.com/244x100.png/cc0000/ffffff
25,4726,productize back-end e-business,2/23/2024,http://dummyimage.com/123x100.png/dddddd/000000
26,5,integrate synergistic infomediaries,11/2/2024,http://dummyimage.com/102x100.png/ff4444/ffffff
27,1991,scale impactful markets,1/19/2024,http://dummyimage.com/219x100.png/ff4444/ffffff
28,2,exploit virtual communities,10/8/2024,http://dummyimage.com/118x100.png/5fa2dd/ffffff
29,49,recontextualize global convergence,12/12/2023,http://dummyimage.com/219x100.png/cc0000/ffffff
30,93820,aggregate real-time platforms,10/22/2024,http://dummyimage.com/242x100.png/dddddd/000000
31,923,exploit integrated deliverables,12/25/2023,http://dummyimage.com/131x100.png/5fa2dd/ffffff
32,5769,deploy B2B e-commerce,10/27/2024,http://dummyimage.com/158x100.png/cc0000/ffffff
33,69,syndicate bleeding-edge synergies,2/11/2024,http://dummyimage.com/166x100.png/cc0000/ffffff
34,8,orchestrate open-source content,2/22/2024,http://dummyimage.com/204x100.png/5fa2dd/ffffff
35,633,streamline leading-edge experiences,8/7/2024,http://dummyimage.com/105x100.png/dddddd/000000
36,072,incubate next-generation e-services,5/20/2024,http://dummyimage.com/168x100.png/ff4444/ffffff
37,4999,orchestrate innovative e-commerce,10/31/2024,http://dummyimage.com/196x100.png/5fa2dd/ffffff
38,894,iterate interactive ROI,7/24/2024,http://dummyimage.com/190x100.png/5fa2dd/ffffff
39,5891,facilitate vertical methodologies,2/22/2024,http://dummyimage.com/203x100.png/cc0000/ffffff
40,9,deploy killer solutions,11/10/2023,http://dummyimage.com/130x100.png/5fa2dd/ffffff
41,203,envisioneer customized solutions,4/11/2024,http://dummyimage.com/217x100.png/5fa2dd/ffffff
42,43011,orchestrate viral technologies,3/13/2024,http://dummyimage.com/220x100.png/ff4444/ffffff
43,22538,mesh synergistic functionalities,1/26/2024,http://dummyimage.com/212x100.png/5fa2dd/ffffff
44,9574,utilize ubiquitous web services,6/8/2024,http://dummyimage.com/220x100.png/cc0000/ffffff
45,152,monetize frictionless partnerships,10/23/2024,http://dummyimage.com/212x100.png/5fa2dd/ffffff
46,1,implement leading-edge platforms,11/1/2024,http://dummyimage.com/164x100.png/cc0000/ffffff
47,553,engage enterprise platforms,4/1/2024,http://dummyimage.com/249x100.png/5fa2dd/ffffff
48,1,unleash customized vortals,1/12/2024,http://dummyimage.com/180x100.png/5fa2dd/ffffff
49,1825,incentivize bleeding-edge partnerships,12/31/2023,http://dummyimage.com/155x100.png/dddddd/000000
50,77900,synthesize out-of-the-box platforms,3/3/2024,http://dummyimage.com/182x100.png/5fa2dd/ffffff
51,737,revolutionize vertical e-business,11/1/2024,http://dummyimage.com/248x100.png/dddddd/000000
52,50088,repurpose e-business interfaces,3/8/2024,http://dummyimage.com/138x100.png/cc0000/ffffff
53,478,cultivate extensible metrics,12/15/2023,http://dummyimage.com/105x100.png/dddddd/000000
54,403,productize bricks-and-clicks convergence,1/4/2024,http://dummyimage.com/138x100.png/cc0000/ffffff
55,90,synthesize clicks-and-mortar platforms,10/25/2024,http://dummyimage.com/140x100.png/dddddd/000000
56,7,benchmark scalable content,7/3/2024,http://dummyimage.com/214x100.png/ff4444/ffffff
57,73,cultivate one-to-one partnerships,4/30/2024,http://dummyimage.com/217x100.png/ff4444/ffffff
58,22165,strategize wireless solutions,10/6/2024,http://dummyimage.com/156x100.png/cc0000/ffffff
59,2720,monetize virtual e-business,11/23/2023,http://dummyimage.com/197x100.png/5fa2dd/ffffff
60,167,synthesize ubiquitous web services,10/7/2024,http://dummyimage.com/243x100.png/ff4444/ffffff
61,973,recontextualize collaborative schemas,7/26/2024,http://dummyimage.com/173x100.png/ff4444/ffffff
62,346,incubate synergistic web services,8/4/2024,http://dummyimage.com/116x100.png/ff4444/ffffff
63,767,mesh customized action-items,10/26/2024,http://dummyimage.com/134x100.png/ff4444/ffffff
64,034,scale interactive methodologies,8/11/2024,http://dummyimage.com/167x100.png/5fa2dd/ffffff
65,651,unleash magnetic applications,4/12/2024,http://dummyimage.com/203x100.png/dddddd/000000
66,44,matrix vertical applications,9/27/2024,http://dummyimage.com/110x100.png/5fa2dd/ffffff
67,665,empower dot-com web services,7/11/2024,http://dummyimage.com/139x100.png/dddddd/000000
68,84,deliver open-source e-markets,12/30/2023,http://dummyimage.com/233x100.png/cc0000/ffffff
69,861,drive integrated schemas,1/6/2024,http://dummyimage.com/138x100.png/ff4444/ffffff
70,71705,envisioneer frictionless systems,12/22/2023,http://dummyimage.com/207x100.png/5fa2dd/ffffff
71,75823,extend value-added content,4/17/2024,http://dummyimage.com/250x100.png/dddddd/000000
72,78,scale global action-items,5/31/2024,http://dummyimage.com/218x100.png/ff4444/ffffff
73,4339,target virtual markets,11/29/2023,http://dummyimage.com/215x100.png/cc0000/ffffff
74,8,deliver dot-com niches,4/24/2024,http://dummyimage.com/123x100.png/5fa2dd/ffffff
75,4012,maximize strategic paradigms,5/7/2024,http://dummyimage.com/127x100.png/5fa2dd/ffffff
76,473,deploy frictionless infrastructures,6/17/2024,http://dummyimage.com/145x100.png/dddddd/000000
77,8533,benchmark front-end interfaces,5/2/2024,http://dummyimage.com/172x100.png/ff4444/ffffff
78,16218,transform cross-media metrics,12/12/2023,http://dummyimage.com/147x100.png/dddddd/000000
79,57898,maximize rich ROI,7/15/2024,http://dummyimage.com/234x100.png/cc0000/ffffff
80,095,mesh granular infrastructures,5/1/2024,http://dummyimage.com/194x100.png/ff4444/ffffff
81,8263,matrix sexy mindshare,5/31/2024,http://dummyimage.com/189x100.png/cc0000/ffffff
82,23803,engage bricks-and-clicks bandwidth,10/30/2024,http://dummyimage.com/192x100.png/cc0000/ffffff
83,26683,optimize sticky eyeballs,6/3/2024,http://dummyimage.com/149x100.png/5fa2dd/ffffff
84,874,visualize bleeding-edge platforms,1/31/2024,http://dummyimage.com/141x100.png/dddddd/000000
85,52813,cultivate impactful users,8/28/2024,http://dummyimage.com/194x100.png/5fa2dd/ffffff
86,4090,scale synergistic infrastructures,4/22/2024,http://dummyimage.com/120x100.png/5fa2dd/ffffff
87,6,empower robust action-items,12/2/2023,http://dummyimage.com/199x100.png/cc0000/ffffff
88,56453,transition back-end infrastructures,8/18/2024,http://dummyimage.com/168x100.png/5fa2dd/ffffff
89,0,expedite value-added deliverables,8/15/2024,http://dummyimage.com/102x100.png/5fa2dd/ffffff
90,45,scale front-end relationships,10/6/2024,http://dummyimage.com/108x100.png/ff4444/ffffff
91,1477,enhance global niches,8/18/2024,http://dummyimage.com/151x100.png/cc0000/ffffff
92,1504,whiteboard integrated users,2/17/2024,http://dummyimage.com/226x100.png/dddddd/000000
93,162,streamline dot-com ROI,1/4/2024,http://dummyimage.com/158x100.png/cc0000/ffffff
94,013,envisioneer interactive action-items,10/8/2024,http://dummyimage.com/165x100.png/5fa2dd/ffffff
95,25140,architect visionary applications,11/22/2023,http://dummyimage.com/180x100.png/dddddd/000000
96,7,syndicate robust portals,4/9/2024,http://dummyimage.com/100x100.png/ff4444/ffffff
97,468,disintermediate B2B infomediaries,2/3/2024,http://dummyimage.com/204x100.png/dddddd/000000
98,8,e-enable front-end web services,10/3/2024,http://dummyimage.com/243x100.png/cc0000/ffffff
99,71,whiteboard interactive niches,2/24/2024,http://dummyimage.com/106x100.png/ff4444/ffffff
100,7,morph world-class communities,11/24/2023,http://dummyimage.com/224x100.png/ff4444/ffffff
