carrier_id,carrier_name,tracking_url,carrier_rating
00,Meevee,"data:image/png;base64,iVBORw0KGgoAAAANSUhEUgAAABAAAAAQCAYAAAAf8/9hAAAABGdBTUEAAK/INwWK6QAAABl0RVh0U29mdHdhcmUAQWRvYmUgSW1hZ2VSZWFkeXHJZTwAAAMCSURBVDjLTdBNaFxVGMbx/zn33plOZjIT8zmGOnFM1VoNJYFWYi2CtVSMdKUbK+LKhSAGXYhd2m6FQkEXLbiwETcWiq3WpiiSBLRqTa122pEmMZPmw8lkMt93zrnnXhdJbB54l++Ph0cEQQDAm1/l9gOnHmnbMVzXPnXto32fhueXgAqwChigCBSAz4ErNpvxPe/pvcnY8PvPdbE9NeUn6spPFF2zU2moNA1zq1W+vVs7DIxuB3riIQFAbt3gCIEtwLIh7EhSYYklJY4Fgzsj9Cai7WeuLX4stwCjdTxqg+dDRQlKGtabUHI3rtCAf6sGgA/H5hlOR3mq0+mytwHtrSFJrQk11yClwAYsC6QFFgJLgA8IU+anmSLX50uL9wGlehIRi1LDo94MkDLAkiCNwJJgEbCj/AN/j3/G250D1CZ/5BWdHPsf8JTq64k7lNwADyAAywhksLF9vPI17WvXiAy8TiI9yPrs4zSunH1jW4NmXzIRJrNiEBIkG88SaKlcJuX8SezRA6zdzRASitZ4klhHKmEDvHjicsS2ZCjsSJQxSAIgIADCtSnS9i8k0kdoLn1JqEXwz/RttKsKbqP6jATwmqorLEBujkQAAohUJtglrpLofwl38QzCKeLEWtHVRV+Xl17Y9875rNys32LjY0uwpAAhMfOXSJmrJHYdxb33KdLRqPLDrEzc4PTC4dtD741PA8iDo2OdnlIn9u9OsVwOmFsxlLKXSOqf6X5yBLV8FisU0Cz3kZ/8ndzAR2Sq3TNb29lGqUPAyG+ZWYoNG2fhG14dyOP5vSzdPM0D3SHctYfITd1CHvqEhZyLUSq/BUij9dDLB56IfHF8hJOvPcYeLrLn2bcI5ybJXphi+rs17nx/g4n2D4i09VKp1jFaF+430Hp2ebXEufEMbbEI2Zk86q+LpPcepJQvcO/mDM8fv8CDoX7CNuTXKhitF7YAMXjsVCcwCvQBHf25k0eG0l1i3+60mFPR4HxuSLhOB/FohLZ4C3/cyWWBY9fPvfsrwH+7HFmMUqkOrwAAAABJRU5ErkJggg==",5
60,Tagcat,"data:image/png;base64,iVBORw0KGgoAAAANSUhEUgAAABAAAAAQCAYAAAAf8/9hAAAABGdBTUEAAK/INwWK6QAAABl0RVh0U29mdHdhcmUAQWRvYmUgSW1hZ2VSZWFkeXHJZTwAAAJRSURBVDjLhVNNaBNREP7eZvNHU9aqBDxkiScvIh78Aw8qleTgz0lvHjwoivW/YBBBDxY8iIeiBiMoeBPBQIUqXnrQgxBy0l6aEkIWbDA0JTZtNrub3XVmQ7YEbRx4O+/tvPm+mXkzwnVdDJNsNuu2Wi1kMhnxL7uE/4jjOCgUCpvaZf7kcrknFMlRIcQOOm6nFaS955xMJiHL8nAA0zRvp9NphMNh/7Jt295ikEAg4DtoVyYvoGN8VF8/W/IB+JKiKDjwfgxR2YHucLouRkMW3hz65YNql2/dG5HsqfV2p0jH/X4N+AKziYCLO0cEHo67mBqn/4qMVdPB8ZYF7dLNi9A7M+bvNmKys09LnZnwASRJgmVZEJKLEIFIxB6gxYCkcHDdRHB55SXanZPWavsGpQDaX/NT4Ag4DUGp3v9KPpSB4Cxoua6NmWQc52pNytV8pM6+FdrhE9MEsssH4CIxwLs9857uF4+1ElAgEZosS+g213uVbHcAw9jogz7A7Eoec/onlEol77xt+hW40VLaMmTbYse72t5j12MjFKpuLPwVQWr0VI95Zy+C+tXzGCN7aWsMWxZ/TlDYX4LC+QGTCtMxng68AjuUy2VPVyoVj1nTNC/MYiIOtfA5S6xnw0S5pjWKau3784EI2IG7rq85/0QigT4Bi7r47YEW312DaX0YmAV+Rmau1WoIhUKo1+uIRCJoNBoeINv7otbnX6jNhaWBVqa+X9N1PcbMLKx5Flhzf9A0ukNnoVqtPs7n86cNehohNqaW991uF9FodG4zgD87aSjZlUUofQAAAABJRU5ErkJggg==",5
002,Mydeo,"data:image/png;base64,iVBORw0KGgoAAAANSUhEUgAAABAAAAAQCAYAAAAf8/9hAAAABGdBTUEAAK/INwWK6QAAABl0RVh0U29mdHdhcmUAQWRvYmUgSW1hZ2VSZWFkeXHJZTwAAAIbSURBVDjLpZNfZNVhGMc/7/v7nTq1P9Vkso0kJy1ZjZWZ6CKTlMW6qYmUFNkuqpslYnSxXYwolXURXdRNTRszRU2aWTRbaTctUs1pSjSn/M7vvH+eLn6nsYixh8f7PK/3+fD9eh8lIiwnNMuMZQNCHtb/R4MH48EasB5MAaxL7hxQEIghBCDT9s+sX5zOg3NJbVyxtvDiQREAkMuC94grPrAWcRaMRaxJemMQa8EaUpVbIZK/AAERaLiESpUhU7cR59A7ToONcMPn0QeuoVJp7EgP8mUSjCkCrE20iYdUOTLehWq8gnIx/vUtcB69ux3Mb8xAB0HdUeyniQWAxpgE4AV0CKUbwVtkfhbd1ImuP4WfeYJav4XwyB3851fgE4nEQkiUT/R5jwLU9hPIhyEorcY9akPv70Vva2W4r5URX8J89AsTaZrjrxyLhZDYJjTvwRv8xHX0rgvI+yGC1nvgDIODXUxVrGNvbQM1FRlGph8z8O4l38sDlPRUCTuPI/xMXLcWMYnTYhL3z87lOXzwEASaltoOep+dIUDT3z+IJhIwBpVPo/Or0PFqAlNCYMsJZS2hVPAt94OUKqWltgOAi/v62FxZR0FBSCTw/P7Cz8IJFBafueo009kx3mRH6Wy+S/fTk6SDlawQUEvZxsb2qqs1m9ZcbqrbQ2ZDPTNzk4y9HWX243yvWuo6N7ZXdQPngDIgB9wcv5Ht/APUTCZid72ZzgAAAABJRU5ErkJggg==",4
50663,Yata,"data:image/png;base64,iVBORw0KGgoAAAANSUhEUgAAABAAAAAQCAYAAAAf8/9hAAAABGdBTUEAAK/INwWK6QAAABl0RVh0U29mdHdhcmUAQWRvYmUgSW1hZ2VSZWFkeXHJZTwAAAJtSURBVDjLpZPtS1NxFMfPH+Arwb+jFz1Q9GK+aLBXkWQvgoRehRDYAyxEY2StB8SILBJnWZY4HyhDrbR06YssW3O54dRNr7a2Zbq2u3u33bt7b347LhhqYlA/OJwfB87nd873nB8BoP+xPwK6i4q0EbLl3tC4MkRGdpCMzEsalwfIJvVR0Y4ATjZpwyToQSuMlR7o4gj05GtosQ4o01aIz0lIPCPTtgB9hMo0jwlG1MFJXVCjdcgKVcgETyETqoLytRGqcBepURNWuqhsE4BLLs4Nk2x8d0JbbcbQncNorzHD3VkOt/No/j54y4z07Dkoi61Y7iA51k7FBQD3a9dDtfyyE2qkOp8guCry/vf9RN6LHw8xpBaStxaRNrIXACyW14j3IfftGpSlM8guVCIzdxLpwHHIU2WQPBZOLkXy3X6IHyzILrYh3EreAiDzinKGPMp9XoC/7xL8/TfhH9hi/Q3w9dYgMbaHAQ4stpBYAKRfkKgnB/n184hO9SMZCUCMzW2y9VjE48SPt7tY3GYsNJNcAPB8vfpKLwOqIS5046euYesxNBXxqQau4ADSoQeYbdzQAs/Xng3YoMbuQQqchppa4vDahvQ1KPFpxF37WMBKrL63wd+wQcTEUyqJ95Cshp+wgBch+SqQCXdCk4LQUjOQ5x1c+l4W8AhSgSb46kmevEolmxaJl6M84TIjO9/EItVDmjzGqh/kknezL2XoWSR9jRC6LfDYqXzbVeblMPN8haTbiozwiKfyGMqXVsjBFiyPWfH5BgmfrpBlx88UfkhFS/epTnDQRKiJMHOb1vud8F6nOvflv3ymf7Ff4B/4xZL2LgEAAAAASUVORK5CYII=",2
21,Dazzlesphere,"data:image/png;base64,iVBORw0KGgoAAAANSUhEUgAAABAAAAAQCAYAAAAf8/9hAAAABGdBTUEAAK/INwWK6QAAABl0RVh0U29mdHdhcmUAQWRvYmUgSW1hZ2VSZWFkeXHJZTwAAAIxSURBVDjLpdNdSFNhGAdwKSNyg6ALC8GLoE8so49VRHVRFFQISlJeREXQBxWSSZDUpNrOTDoxSGvhmokV1TazLeekTBda9rVKmW5lYq6slgutOI7j1vn3vKc4rCAv3MXDgfPy/73Pc3hOEoCkROq/B6v2GdIWHLnhmK1v7ZtZ3PIuo9DmOr17iaUkLx1Ud6g2jgqo+JCU4x7Bs5AEe4+EhbYYMsv9iEYGcU+/VEZkYNkew7iJnHBrgl4YSeYEJJcIGF8qoKw9Bv8g8GkY8IaBthDgqatCsNGAq4czGbBLBhbv5VWT+EiL2Q9cfg2YA0DDe+AxBeqDQPvX3+/PdwKmfA0+PDDCuGM6A9JkYP5Byyy1SexgQM5dIJvqpJdCb4DWz8BDKguhhzxDor1Ig+7afBaG8hFnFDiyp1ZFgxa6JbcR2NoEnCLg2ltqfQBwUzcVhJc1+4c8/Br0urV/A9OKvJyxQ/qmfQ5so/D2ZoB7CVh7gN4fwP1+wEWjGK/XoKt6C9rOrWeATwHUugEn3RBjrW9oAI4TdJPCno80RlfsZ27d9+Eslxitcdpk4HbxCgboFEB1JvKk3CfhSjdQTXM7+yRorCLUZ8PSposvvMZX0bydtf2Vi9JT4avcjIr9GQxYrQBzC2zmVG2nkGIISyncF2mKLiDOKbQ+it8JCqy9dGCe3EH8/KMu0j9AqePEyoSAwFNTVkKAHG7i1ykrPCbAfmw5A46OBbjw5y9kz8nxZ78A90vOcDVd+i0AAAAASUVORK5CYII=",4
90698,Browseblab,"data:image/png;base64,iVBORw0KGgoAAAANSUhEUgAAABAAAAAQCAYAAAAf8/9hAAAABGdBTUEAAK/INwWK6QAAABl0RVh0U29mdHdhcmUAQWRvYmUgSW1hZ2VSZWFkeXHJZTwAAAITSURBVBgZBcG9r59zGAfg6/4+z+/Xnp6qKol2IuKtNmlEDMLCQBeDySIRGxuDRExiszXphkTS/8Bo0DJIREQQSVkk4qWqDY32nPM898d1VRLPvHPx5Z1jh14a5QwOo0AhRdrS/fP1q/m0/rn25qXzZ/cBKonn3vvi0sevnzk9Rh0PkwCQQFy5ceDCV9f9/svefz989+OJz8+f3YMZxlQPbefp+Pd/mkYVRZo1bVni5sHq6Qdu8/iDsy/7ypH0w9eeeu2TOz479/zegKo6mmTaTsNmMBfTYCqqGArt1LGts4+dcu/9h3bmY7sfwoBQMDCKUWVUGVVGlTGV3/6+6Z6jBx45UV594k7TZnoRZoCEeaKUVOk1jDJPbDP8dDX2e9G978n7Dql5LDBDQjDXEBHUKIU0mQZbRpfuSQxqgBmCRhWlBEGazQSoodaSEY0EmKEXEhqFJGAMdJmnkCJEWZu1gRm6IwkhAkCAUirMg8bhDesSMMParCFNAwjosDZBhxSbaVj2FzBDL9GJk2+/IoqgVyrSgLQK0B985GCvwQzLslpXtneftHv6NOsqvdIlCR3SKu3G5cvScXBrATMse91Ldxzs141vv5EVvYIKLSoINWKeRy9rLzDDwa31j93tdNdfb727m2QIDbh9ZwYJO5uhSm+m+ndd+leYoSrvP/vGxReq6tHIEQAhiAABt7r763m4AP8D8JchsxSnIZQAAAAASUVORK5CYII=",5
79073,Kwilith,"data:image/png;base64,iVBORw0KGgoAAAANSUhEUgAAABAAAAAQCAQAAAC1+jfqAAAABGdBTUEAAK/INwWK6QAAABl0RVh0U29mdHdhcmUAQWRvYmUgSW1hZ2VSZWFkeXHJZTwAAAEYSURBVBgZBcHPio5hGAfg6/2+R980k6wmJgsJ5U/ZOAqbSc2GnXOwUg7BESgLUeIQ1GSjLFnMwsKGGg1qxJRmPM97/1zXFAAAAEADdlfZzr26miup2svnelq7d2aYgt3rebl585wN6+K3I1/9fJe7O/uIePP2SypJkiRJ0vMhr55FLCA3zgIAOK9uQ4MS361ZOSX+OrTvkgINSjS/HIvhjxNNFGgQsbSmabohKDNoUGLohsls6BaiQIMSs2FYmnXdUsygQYmumy3Nhi6igwalDEOJEjPKP7CA2aFNK8Bkyy3fdNCg7r9/fW3jgpVJbDmy5+PB2IYp4MXFelQ7izPrhkPHB+P5/PjhD5gCgCenx+VR/dODEwD+A3T7nqbxwf1HAAAAAElFTkSuQmCC",4
39603,Centimia,"data:image/png;base64,iVBORw0KGgoAAAANSUhEUgAAABAAAAAQCAYAAAAf8/9hAAAABGdBTUEAAK/INwWK6QAAABl0RVh0U29mdHdhcmUAQWRvYmUgSW1hZ2VSZWFkeXHJZTwAAAKcSURBVDjLrZNLTBNRFIbHBQujG1mauDEuTIysNOpCiDZKZINRSYwoLIhGE18LYxHjgigRVCINRlEjYqZqKChP8dVObQMptAhtp522MPZBQR6lLdLACG3n984NmBgjLvQkf+7m/t/955w5DADmX8T8V4DP58siYr1eLysIAut2u1tdLlcrz/Osw+Fg7XY7OzAwkPUbYGhoKJsYQ36/H9PT04hGo1SxWIyekUiEanJyEgQKm80Wslqt2RRAzCpiluPxOCJjI+jv1MFYX4O2SjVelZ+naq8qhfGpBp+7msmdMKamptDb2ytbLBaVEntQMSeTSXrx7sHtf1TjhW3wPj+K4bYK2J/sh7XtRoghcWYNBgNkWUaKQD7UVUF7qRj3j6ugObST6kHRPujv5GGcU2PG2QkkxhB3NsOiOSwzWq12dGJiApIkIZVK0XNxcZFKSUY/TWxCTCjHQrgd459uY55/jVSwG3zDGZmpra3VYakSiQRI96EAfzZO7EDMdQ3p+W7MfzmLqPUcPGwJnA2nYH7z4hmTk5OTuwxQmkPGBlEUEQwG4Xc0IsZfQVqyYE4shjRSiFmhDIGGfHS/I802GtcymZmZu5ZfV8yBQADhcBi8uR7jNvWSuQhS6Bi+ua5CfJiHsMsMjuOidIwZGRk7yCgH0+k0jawAhB4WwvvLJLYZUqAE30dOYIYkGa47gK+iEx6PB6TxFymA1GoF0tLSIhAQPr68BXdXGRxvazDaV4C5QCGi9lIMP85HJCTQHhGz8Zc/kdQqojUmk6lZV6UCZoPwPjoCrmw9esirPdW58PVzSmyZmHUrLtP1k1uSC5Z7WOjToK9iD5pObwLXrlXMKb1ev+Gv21iwe510s3hz0lB5IKmv3mvqUG/duNI2/gDNuAiQNZy2IwAAAABJRU5ErkJggg==",3
60941,Jetwire,"data:image/png;base64,iVBORw0KGgoAAAANSUhEUgAAABAAAAAQCAYAAAAf8/9hAAAABGdBTUEAAK/INwWK6QAAABl0RVh0U29mdHdhcmUAQWRvYmUgSW1hZ2VSZWFkeXHJZTwAAAGGSURBVDjLpZM7a1VREIW/fXKTIhAfVSQIIY2PWkEELe0FiZVgWkvBVhCsrLUQ/AdpxCKIhelstRCiAcFExEbRhAu5j71nLYtzvSeHXF9kYLOb2d+etWYm2eYw0QFYefTmNrAIXALOgY1JyFRVokogCQU70x1/OH3yyHlk7lw7k7DNzYevn/g/48Hqhm3XFQCXAW6sXscIy4SEJCKCCBEKIgJJvLi1zvtPO4OxBOQTAMM8ZH7h2B81b25sA9Dr55kxwPYsQM6Zz9tfsY0MViC51m/j0Q3giNQA5A7A05W1f3ZfIfYDEsDyvZf0JWRYu3+Fj192Jz5eWjiKFQBUNaCmfetlLpyd53uvjJPnZmda51e4tAC1rm4/yDZ7g9L6MYfJ0R44qTSANKpgMMj0chD9/FcPXIb7PKChT5rs6al0EODSAFRkIAE8f7XVSuzuDSdXMOpnByCkLWDp7eOrB9z+rQT7RzOJoWfLd9dP2b6IdFwqYGEFVgEHlqg31wZ1oXoHkA67zj8BVEcprN9nEQAAAAAASUVORK5CYII=",1
3,Yamia,"data:image/png;base64,iVBORw0KGgoAAAANSUhEUgAAABAAAAAQCAYAAAAf8/9hAAAABGdBTUEAAK/INwWK6QAAABl0RVh0U29mdHdhcmUAQWRvYmUgSW1hZ2VSZWFkeXHJZTwAAAK/SURBVDjLjdJZSNMBHAfw1UMPhfTUQ5bgkfWQSodmYplroiAkXkvXcnOVipqsWhLKXEvnUEHUOecU72tec8vEVgQamUfeUzzThcc2QUqd+09b+u0pMxTz4fv04/d5+PIlASAdFG6wJWsk3351ofoMZstszKVs22I/V9tjf+4HPrN9z1I0lTZbizWnsTsFsXbZhwKKmadEi03O0KoiQHRnQit3x6LMCqP5dj8OBUiCT2bqhlRY/SyBeagchk4JFgZb0ZZyWXMoIND3buRY1bPtteFGbI03wTiqhK5dhGSGp3xfIJJsz8pj3V4VhZEhCaeYo0Mc+0QvYn/q5BzMv34FXXMSOqSP4RRxsdUl3uHEPwDT/Rwlj+W1lU0nY3dKstjILRAgQ8yFMtcf4y001CjC4ci7UHaJc/74DpAVcqWjMNofTfyHGKvhoppDhSiMAmmUF0qHuGh5Q8VyDxtmQw/mP9xHRhUNbtEukh1AHGLXMN0m21OYLJEMueoelj6GwbxSiZVRPpa7eJioCMBQmsf/C0tPCUanwg+b3+uwoeVhQ1+IlWEeiDk+pqSef4GjV3MSxAlxewpzoD5HRYkP1mfSQXyLgWmOA0LDBDFFRT/fzUQCQDriXvsokNNvaNcDwno5kkpkiBeVobZtAL3VUVDLQw1rkwwQ034wzdBhnKCin+9kqgi1ppFsfKVUKrvF2Dy+BcEYEPEFYLQDwvoWfCoLBzFXAOPXIBCT3ujLdl0fTHHRqwXX9DKGdRAAEkktcP7V15gLjkIHpgpgKrdBl22jqy4GG9pyrKmvgxjzwYD4Bgrodg9UQZYW7Qwri50haXJuaRtTn4LG60bke4D1FmAogS4FG5tLQhgn76A7xwO9wpvYb62kycoot9bkwERXapXS+UkvyDw1yLwRpKW+RHdRAN4Jvc1FcV4Ns6U0+n7Ab/dSu26WPRQHAAAAAElFTkSuQmCC",5
8198,Edgeclub,"data:image/png;base64,iVBORw0KGgoAAAANSUhEUgAAABAAAAAQCAYAAAAf8/9hAAAABGdBTUEAAK/INwWK6QAAABl0RVh0U29mdHdhcmUAQWRvYmUgSW1hZ2VSZWFkeXHJZTwAAAK2SURBVBgZBcHLjxN1AADg79eZttvddttll+WxIGrAV4QYTbxoYsSLgjc5arx68qCGf8G7J+NBEg8e9GqURDEmEiOJAWNUwIi8sryWDbSdmc60Mx2/Lxw78caZ1fXVo1EUAYAAACAIgICymrt/7/6P8er66tHPPzklNIJyPgNAENRqAWSzBEFdN9TzWq3y0ckPj8ZRFKmUwuxL6fcXrJzJbJ18xFKv6/LlX1xMP3Nra6jXW3Z3eyiKm0Zp7t1jtWYcaQAMh9uGT7eMkkR2+m9JcluSJEJxQTEZm2Rj00liMkmUeSqEOYI4APr9ndQzi+/v4OPz2m+tWd+zV2d2xaQ8pDfoaUUNcbMlyXIhFAgaQDAcDiXJ2MP1ymilNPn6X6q5OvvZrEhk49SsyBR5alpkQqhBDNDvr1PPDPrLhu89Y+XTbeUre7TXCo9MtzW7+y22I81W0zibYkSgQQB5XkiTzHA0NF6qPHiC/Iv/1FWuMf1WPklMi1SeJubTVABBHACdzkB3OdVfXgbNtx/V+eCsuDpg7+pf8s7ERvcP7daW6eSaqPGOgDgAxsNUkhRI/bZ5x41Zw66DlSdPXbZ5PLUr+kYx+slg8Yj2uW1hNRPQEIKA5cFuFgZ+z0rXpk2DwU53XjtgX7xisrXXoDuycX1B54dLbrQqdbMFYqjr2rmbV13YvKTb7cnzXJKkkqLw61MNh7+6Ijl/3eZK0+3nHzdqBvtbbRAHZGVqq5ppt7qWOn15MdVd6Or/ed2+W5lWkwfPHnbzsZZ2e8HStKCuQUwQQkPPsknItKuOxdC16+I9rc2Jqy8dURxMvHz2oX/27xa1m5irZqWAuCwrVVXZ2PGcjVUCCMIhvMpaCCC8OPdCNBMttESNSDWvlFUlvHni+Hc719dej5oxggAIAAAIAIGyrGzd3Tr9P5JrNp8Zt4rCAAAAAElFTkSuQmCC",2
1,Vidoo,"data:image/png;base64,iVBORw0KGgoAAAANSUhEUgAAABAAAAAQCAYAAAAf8/9hAAAABGdBTUEAAK/INwWK6QAAABl0RVh0U29mdHdhcmUAQWRvYmUgSW1hZ2VSZWFkeXHJZTwAAAMESURBVDjLXZNrSFNxGMYPgQQRfYv6EgR9kCgKohtFgRAVQUHQh24GQReqhViWlVYbZJlZmZmombfVpJXTdHa3reM8uszmWpqnmQuX5drmLsdjenR7ev9DR3Xgd3h43+d5/pw/HA4AN9zITSPUhJ14R0xn87+h2ZzJvZVInJpzAQOXQOQMt+/5rvhMCLXv9Vjrt1rSXitmwj+Jua1+Ox+2HfGNdGf6yW8l5sUKPNVcRsiaPDA22Ahv6/7Ae/0aKdviQ0G7B/c6f8Zg+gbfh079Mjno0MhS58lflOsgEjh3BXc+bM/0DzbvDwj314znt/bjof0HdPw3FBq6kP+oCxVNfdDZvqPsrQmf6zdFRtyPJgbrFoqUTeS+FnPrekpmiC2lS+QcUx+qrf0wmFzodYfgC0nwhoYh9oegfdmLsmYXHj7JhV23erS7ZNYHyibGLiLtXsO19BoHSiwu6Ok09gwFg/gy8BO/STOkKFBk7EWh2YkLeh5Hy4Ws2B2w157iDvOpxw4UPRPRTSfL41FIsow7ZeXwUFF4dBQ1L96A/xLEFf1HMC/LxAt25PH+VN0HXH1gh2dEwdBoBGO0OKvW4L7hCdIvavBSsMIRVHCi0ArmZZl4wbYrz/yHSq1Ql9vQLylUEoE7GMal3OuxMG/7CO848N6n4HheK5iXZeIFmy88Nu+8aYJG24G3ziB+0Ee7wwqemlvQ5w9hcAJwyUDtpwBOFLeBeVkmXpB0qlK9RV2HlLsCsvUivHRhQwoQjhCkA1TgJX1OK0JVzIN5WSZesPZ44XKia+P5BqSS4aq+BzZXABLdhyQrsJPOqv4MVcEbMA/zsky8gLHyYO7hI9laecOZWuzLfYXU2zzSblmQerMZqjwTknOeY9dlIw5kVcrMG/8XpoQgCEkOhwNNJn5i7bFSrFDpsCrFEIPpLacr0WxpibYIQpS86/8pMBqNswnJ6XSivqHBv3R3pmbxzgwz4Z+EaTXtwqIogrzjxIJ4QVVV1UyihxgjFv3/K09Bu/lEkBgg5rLZH+fT5dvfn7iFAAAAAElFTkSuQmCC",3
25,Wordtune,"data:image/png;base64,iVBORw0KGgoAAAANSUhEUgAAABAAAAAQCAYAAAAf8/9hAAAABGdBTUEAAK/INwWK6QAAABl0RVh0U29mdHdhcmUAQWRvYmUgSW1hZ2VSZWFkeXHJZTwAAAMxSURBVDjLTZNdaBxlFIafmd3tTmYnJU26TYgNbZoQ7GIMBH9iNQj1QimIFCL+EVEQQa+VXBQKBfVGIlL0QtDeBFEwFSlN0EaqgkaQ2tYG89OYxiaN2d1ssplNZmfONzv7ebEx9sC5fB/e874cQ2uNN26YwGngJCBAf+qEFu4ab9xoBi4BAfBy6oSeAzCKX5MA3k20vfTinvbX7vEXP8vPrrrzX9nnK0D3jn5qoPycmWlrycSTTYbMvvMXMNBwUi8buS84ZR0ZfNM69HxraXF08/byXPz71guOk4yoS1QB8EMT5Xsczw6UDx99hlhU8sozw8tAn6kE07AOWcX50c35hTlnsu1Lp71e0ej7yK0NvPkNnJJHS/0erjYP26uLk1asqa9R1x11lHDEWPiE/tCwP103Ow/+0vGN3WbHSZYj7u9spGGvicZgw434bXaNsC5GauM893qjktienk7q0guG1pq3z118P9Zw+K2OZocG0Tx7vJ2i61LwfNpaWwCoaPh8fIGqo8nmVyl48fc+fuWRUybAaqX1waqG6pbivq4myhVNIpFg4rtvKbkuoQiXJn4g07UfN+/jm/twVfJRgDiA+F53RRm4UqWpqQ6JNCnb5s7SEhOXf2Lqj+s88eRT7Dtgs1bw0Q0JxPe6dwHK9/DKSfyYgUS13vLuFinHYXstR+fBVm7duEZ2ZYW0FIndWWd/GDaeOXP5d3MHMFXaKmPEqyxmy0SGCaZF7wN9xEyDTCZDV1cXxWwWQpdMJkNPTw8i0mvunPBjyXXZCIRfr+VIJCFlJXis/xhhGFKpVAjDEK/sI0pQSiEiiAg1B4F30V3/Z3pmaZ1cMce50Tlur2xiSIhSandFBN8PdsUiUsvg57NvXHn49eGzHanND6YWK/b6lpDN5YlVTQ7cJQ5EiELRSilDa/0/AODDV4/drK+vt/OFYnR69GZsxrAxYxZPp2uAMAwxq4qqjgyR2p8ppWqAsbGxNHAhnU7jbbvudvHvj6Kqfhzolr1mo4gQBAFBEGittRGGIVprlFIYWmtGRkYc4ArQDvQODg7++Z+zoaGhG0qp7p0wJy3LeqhQKMR3gr36LzexzEk6GOJQAAAAAElFTkSuQmCC",5
3,Plambee,"data:image/png;base64,iVBORw0KGgoAAAANSUhEUgAAABAAAAAQCAYAAAAf8/9hAAAABGdBTUEAAK/INwWK6QAAABl0RVh0U29mdHdhcmUAQWRvYmUgSW1hZ2VSZWFkeXHJZTwAAAIsSURBVDjLpZPNbhJRFMf/w9fwNUiVlZWPncSmqemm7FjZaGJcsdCkS17AJ8AH6BvU6BKfgFIXLqArTQngSoPUDSGEhAUCLQN3xnPOMLSJGBdOcnK45J7f+Z//vVezbRv/8/luLxqNxvvlcnm0WCx8lEFZwjRNzh8KhcKrjYBWq3WHCt7G4/GCrocxpyJYFkQbKdzaiuPs7PQlrf4ENJvNp1ycSCS2I5EILn/2wN0ty4ZlWwSyoQg2n883j0CbT1OplCyurq6xoOKvrQsCWOt4cvhMxtgI4BkDgQDG47HTWSk82nks3e1Vdzb6rwqYrKiIN/GBsPRW8wtlJd35ixl5JJNJVKvVIf0XpP0/KH+kfCIKHK9sATFgZ3dfuosH9gJGNIx8Po9oNJrweDyYTqd7g8Fgr91uv/C4szkKWDJBlDP70LjEtZoik8lA1/W1bB6ZFVHDhwJYF6sb4xj07tsJzKUp3vR6PQyHQ/T7fVBnuR+s2MPmuLeRJcvxWU5+fe8NQlpYOrJ0PubRaIRgMIhYLCYAMZE3eL1eZ27FrhOAVdEathK4O6rrGX+sjBV8rtfrmEwmMAwDwZBON1ATkFoZ627m36trfQMoFosHnU7neaVSuTg/r0EPaMikHyCV2kY6eZ/tFfmscjabwe/3IxQKCYDH126/xlKpdEj0Y4pd9zFls1nkcjmk0+m1F6yi2+2iVqt91/71nMvlcoCkFymOKO4S2EedfxHkE8Xxb6/5rMKMZgtBAAAAAElFTkSuQmCC",4
604,Buzzbean,"data:image/png;base64,iVBORw0KGgoAAAANSUhEUgAAABAAAAAQCAYAAAAf8/9hAAAABGdBTUEAAK/INwWK6QAAABl0RVh0U29mdHdhcmUAQWRvYmUgSW1hZ2VSZWFkeXHJZTwAAAMfSURBVDjLpVNJaFNRFD0v/ydpM5imSZom/Ro7YNJqRVScQQV14wCtFRvRpYK4Edy4FIpgEetCRF0LDiCIoihCxWqtQ+mAsY2kDk0wP4lJrMQ0yZ99/VZRXPrhcd5/7w7n3nMf0TQN//Oxnafv13Bu28ACi4mDRgBNhUKDKpIEQZAgURQrAt0LkMsClEoZYrmCb9kZPh79uI0N1Nkj65cu5Bq9tXpEdZ6RompQ6dKDKar+ryiKjhLF0fHJ2idCIco2uKycx8IgFk9DphcjkWmsWxXC8FgMK5YtgiypGHs7jdbWxRgcjGDh4jo94BLOAU+9z8kS8jOrkSH4WlRRkglKihFfSxIev5zSjVXNABHVEIgJ+VwBAc4JWVVBqDM5dXVIM8hlGCg1YmCwfmUQM6KJUlXnywBlpuoOC9gS+vuHIRTzkEUJ2WQB7KuJ+KGQRzvjclgZj4fzMqZqwk9FwafzEGUFMl1zLCQF2L51DVramtQPE98jqe8F9X30dR/5JeOxvnvX1i5vDIeaAnDYLAjWGf6S68q9N6iyVCOby2BkOHL/+tmju+bOdat9PXcWuWpsHV6PCyLNZDP/q7e7xo538TycNS4Ybe4Nv+dgy4kbxKYKt0KbllSBsBBFEeMvXuDmZAROpxP5fB5dXV1wVNGGxftpRj+Cpi/O/eHjD9P82F5meugWRhOFy23NHEnOCJgYvIvyTBrhcBh+vx92ux0DAwPIJD+hc89ONDc3we2qBctUWpLJpJGdo1ERVUMq9w0vnw/BWZnG7oMHcLKnD9n4JPw+H9rb2/GFT+B83znwqRTcXBCHD3YgkUgc0QPIdFwl2unc5xgdFLtem7llB0rvxtDd3a2XUiwWkc1mceHiJbSGtug2DofDPM9ARLksor7eg3Q6rl+KUw9AoKG3txdWq1U/m52dhYFoSEUeAav3g5ZQ0WXcHO6Nev3ekCKVoKSGsHHtKvgbGmCpMiKTySAWi8FsNiMQCMDr9WK2JCDFfxaePXv6ifz5nIPBIOPz+dppxtu0gR7qxMxJncvlDlNMut3u2xSN9GUqPM9nKaOOH954iqSVHtHeAAAAAElFTkSuQmCC",3
9,Livepath,"data:image/png;base64,iVBORw0KGgoAAAANSUhEUgAAABAAAAAQCAYAAAAf8/9hAAAABGdBTUEAAK/INwWK6QAAABl0RVh0U29mdHdhcmUAQWRvYmUgSW1hZ2VSZWFkeXHJZTwAAAKXSURBVBgZBcFNiJR1HADg5//Ou767jblWM9qOyWZSXlqCNMpYWbKo3VMEhYJKEn1Rlzx0CSmIIq20o5fCQ3QSskOXCPqEuhQWXkLsg3V3xtVN23LW2Z1531/PkyICAAAAAAAAAOSw//CpY+Ug7buyXA5fWwEAQAUAjBSsG3Hy0/f2HMqhrNL+t17Y3tzQbKaUcoFABZIIIqhAKAernnnzi4M4lMOVa2XRbDTTS8c/1tq8XlGrlFGQjcoSWSLLklqWzP521tuHXtQvU4IcllfIstydW2939wOTallNREnKSUmWkpQyWZYZqmWqCoAcoEJRDBseWUsEAAAACIEAOUCF/mpPv3edlERUqihVVSYhItRSabC6LKICkANEcHmp7e9LS/rVQBWlf1cWrJa3SYANxVXXu0tEBiAHiODiwg2GLvSACKIpogfgqhEXLgQAyKFCBFltDRVl+4zG6h9aG27x+9wlvc0PS8OjivOfmdnS8MnJE26OKKampuo5QARRlRZ//dy9t4Y9Bw/odru2zs356ofv9a2x76nHFUO5TqdjzdDPw1/+te6NHKKqJLTPfmPHlhvt2n3AK4eP+O/iea2xMRMTEzqdeR8ce1+73XHf/Ts9snvK7Ozs8xkkEB7afpfGTevBa6+/o98f2Lt3r8nJSTMzM6anp/UHA08/+zIYHR0tclg3ki1Vg97oHZuafjnzEzj14RFVWTp69Kh6vQ663a6qCh+dOG76sUfNz8/3UkR48tVT7w6qtHPpn4V71l79sb7rwR2ptWmT+nCeFhYWnDt3TlEUxsfHbdy40XJvEJ323Op33379Z4oIANu2bauNjY1N1Ov1061Wq1kURQ3Z4uLic5hvNBqnMbSyslK22+3L3W73if8BE1ob/QNlaFEAAAAASUVORK5CYII=",2
0195,Tekfly,"data:image/png;base64,iVBORw0KGgoAAAANSUhEUgAAABAAAAAQCAYAAAAf8/9hAAAABGdBTUEAAK/INwWK6QAAABl0RVh0U29mdHdhcmUAQWRvYmUgSW1hZ2VSZWFkeXHJZTwAAAHtSURBVDjLjZNLS9xQFMe138C9A/0OynyBUjeFQjduROi2MMtCEalS0ToLEdQMdEShoKDWRymKigWxII7PhaB9aBFUJjHJpHlnnvbfe27NJcVIDfwIyT3nd885cOoA1BHsaWQ0MZL/4SHjgciLCJpKpZJVrVava7Ua4mDnkCRpKCqJCpKU7HkefN8X2LYN0zShqiqXKIqCTCYjJGFyPQkooFgsolwu8zfhui4sy4KmaVwQBAHokmw2+1cSClpSUmr12MP7LQunii8klOA4DnRdv9USn0koePRiJDW+aTGBjcOLgAewlnjfYSuFQoFXIsvybQF9jG2avIKFPQtzOyZmcyZMtywkVAnNwzCMeMG7jV+YyFmQ1g30L2kYWitAWtZFJdQOzYREsYLhzwZGGF+OHez/9PD2k4aeeYUHVyoVPheSELGCwRUdA+zG/VMPeycu3iyo6J5WxDxIQFA1QtCauUwPrOpIPh/vSC+qSC/qPHn3u4uu2Su8nsrzZKqAoOR/BO2j+Q+DTPC0/2CdSu79qOLVlIyXk3l0zsjomJYxv6ELQYgQPOk7a2jpOnmcaG57tvuD3fzNxc5XB9sEm0XuyMb5VcCriBI7A/bz9117EMO1ENxImtmAfDq4TzKLdfn2RgQJktxjnUNo9RN/AFmTwlP7TY1uAAAAAElFTkSuQmCC",1
57191,Skiba,"data:image/png;base64,iVBORw0KGgoAAAANSUhEUgAAABAAAAAQCAYAAAAf8/9hAAAABGdBTUEAAK/INwWK6QAAABl0RVh0U29mdHdhcmUAQWRvYmUgSW1hZ2VSZWFkeXHJZTwAAAJRSURBVBgZpcHda81xHMDx9+d3fudYzuYw2RaZ5yTWolEiuZpCSjGJFEktUUr8A6ZxQZGHmDtqdrGUXHgoeZqSp1F2bLFWjtkOB8PZzvmd7+djv5XaBRfL6yVmxv+QjQeu7l25uuZYJmtxM0AVU8Wpw9RQU8w51AxzDqfKhFjwq6Mjdbj1RN0Zv2ZFzaloUdwrL2Is4r+y7hRwxs8G5mUzPxmrwcA8hvnmjIZtcxmr3Y09hHwzJZQvOAwwNZyCYqgaThVXMFzBCD7fJfv8MpHiKvaV3ePV2f07fMwIiSeIGeYJJoao4HmCiIeIQzPXifY+paJqO4lZi/nWPZ/krabjvlNHyANMBAQiBiqgakQMCunbxHJviM9bQeZdBzHJUzKhguLJlQnf1BghAmZ4gImAgAjk++8jP56QmL2GXG8zsfFCz8skA1mQXKbaU3X8ISIgQsgDcun7FL7cJjFnLUMfLyLRr0SLS4hbhiup5Szd19rpFYKAESKICCERoS95neyHmyTmbmAodQ4vGpAfmEn6YTtTahv4ODiRkGdOCUUAAUSE/uQNfqTaKFu4jvynJiIxIzcwg/SjF1RsOk9R+QJMlZCvqvwhQFdbM4XvrynIVHpfn2ZSWYyhzHS+PUtSueUC0cQ0QmpGyE9197TUnwzq1DnUKbXSxOb6S7xtPkjngzbGVVbzvS/FjaGt9DU8xlRRJdTCMDEzRjuyZ1FwaFe9j+d4eecaPd1dPxNTSlfWHm1v5y/EzBitblXp4JLZ5f6yBbOwaK5tsD+9c33jq/f8w2+mRSjOllPhkAAAAABJRU5ErkJggg==",1
398,Ooba,"data:image/png;base64,iVBORw0KGgoAAAANSUhEUgAAABAAAAAQCAYAAAAf8/9hAAAABGdBTUEAAK/INwWK6QAAABl0RVh0U29mdHdhcmUAQWRvYmUgSW1hZ2VSZWFkeXHJZTwAAAF1SURBVBgZpcE9axRRFIDh99y5s1nHjawQVEgQGxErIWgES9MGBDuxlrBVfkG6lBEsrUQEEXu7gNgIUSTBQrBSyYdgFjXMktmdmTvniLCB28/ziJnRhqMlR0ueyNrTLzY7A0UVON/r8PNojDjoZQlqwt98zNvdw9vfX97/yJQnMi4m3F26xr3FHm+2D1h/eJ3Yi3dDVOUDIEw5IkVZ82cU+G/r0y9OTQLkJQyPK0SUmCfinJAY1I3yeLCIqmFAgpF5KMuS/KQi5ol0U8ekrNl4/QMnEBpFG8UAMwODLFVinkhQo2wCiUsBQ2gQEUwNMyWEmqoKxDyRUVGTimewMkvQCnBgYKJ0fYfNV3v8zk+IeSKNGgkpyphnO6vMZZcRHMNin0e3nuDoUpQVMU/E+4Qrl+Bib8TyjSX6nXlwcDyZ58LZQNYBL0JMzIxTNwdb768unLnTn+nT9ecIWiOqiDWoFHzd+8ZRXvP5+QNhSsyMNhwtOVr6B/fLolbgemG4AAAAAElFTkSuQmCC",5
8318,Devify,"data:image/png;base64,iVBORw0KGgoAAAANSUhEUgAAABAAAAAQCAYAAAAf8/9hAAAABGdBTUEAAK/INwWK6QAAABl0RVh0U29mdHdhcmUAQWRvYmUgSW1hZ2VSZWFkeXHJZTwAAACwSURBVDjL7dI7CsJAFIXhrCMLOm5rlmAjgiA+CtNF7AQrsVBEtNBBBBERC4kBIZm8JjHHuAAhInYp/vJ+cOAaJI1fMirgA1DLzSKRIZUxIvmAJ264m98A4tnPma0003lCv6t4wkWUBlJo+T7WvYBxo2gYcYuDLA14UFJPE8ZNxageMLBCLrApDzhwhdfxGdshw4Gi03Y5wqT8hDOu5h5HscZOzrCUNsaiBcusPvFPwAtRJv5/iiq/OwAAAABJRU5ErkJggg==",2
76304,Yotz,"data:image/png;base64,iVBORw0KGgoAAAANSUhEUgAAABAAAAAQCAYAAAAf8/9hAAAABGdBTUEAAK/INwWK6QAAABl0RVh0U29mdHdhcmUAQWRvYmUgSW1hZ2VSZWFkeXHJZTwAAAMvSURBVDjLXZNtSFNRGMcvgQQRfYsoCD/0waI3ikqzIoTojV6IgiwrtBejzGRlVGi1QaHZamZpaaalNnPWyjmNlrZ11dnyZc6luWauXNmWm267zvT68u+cSy3rwO/e5z7n+f/Puc+9hwHADFQwkwhigonwjjCZ5idCcjN+zxsIIX/yTL+SCSKkDTREfeVdWngb9jkNqq21iVW8juD+je6tagfrMx5zDbYnu0m9gTBbMHAWM0lew/5vw44K9NbH9DcqwrnUWhduNzhxv+W7AI1vsF1oUSz1e8wSP9dy+gfRNRGCGPsD5oLPlOx21MT064vCRzLqu1Fi6oGc/YwsZRsyStvwoLoLcuNX5L3R4oNqw9igvXTU8XyehWhDmE/ZzJqOnCmWutxF/jRtF4oN3VBqbei0e+Hycuj1DsDS7UWhphN5NTaUlElhkocNtedMaybaEKERiffLr519akZOrQ0KshodfR4PPn77jp8kpnDjwF11J7J0VlxUsDier78i9IBeorKbdGeemHH3hQXtZGX/yDg4vx+ZeflwEiPf0BCevnwN9qMHKYpW0FqqCRjsSmfdInkzrj4ywTnIo29oDMNk4rxYgiJlGc5ekkCjN8Ds4XEqywBaSzUBg20pL9yxuQaI843o5nhiMga7x4fL0uuCmDW2oncEaHTxiE+vB62lmoDBxotPdJEyLSSFTXhj9aCHvLTdx6NSV4cutxeOUaBEr4ToTjRib2zHnivrsSkp1hYwiDjzULxZ/BwJ9/RIVVjQSxrWxwO+MQKJS+seQ1IaA/X7TLT0aCB7dRy7ZQsRGjdTKhisis9aRmhbf6EcomwWVxUdMNr6wZF+cH4eMWmbUGZOR1l7hvCFpFVHIKs6Sg1+Bv71FUekR4+lFvrXnXuGA9JXEN1ikXizFiJZDbYkLUHl+1xMHKrWTGrw97Do9foIs9mMai07uiouF8tPyBGaoBRYeSIY1zQHkaKJFsQpL6P/3YFarZ5O4KxWK1Tl5e7Fe5MlCyKTdAQ3ZemhiC87pXNxXXNYWJne6XOgBwUFBVMJHYRhwvz/jzKFFKeGxc0aoNtefTJ4fG3CnFs0/wsC49wP713enQAAAABJRU5ErkJggg==",1
5,Brainsphere,"data:image/png;base64,iVBORw0KGgoAAAANSUhEUgAAABAAAAAQCAYAAAAf8/9hAAAABGdBTUEAAK/INwWK6QAAABl0RVh0U29mdHdhcmUAQWRvYmUgSW1hZ2VSZWFkeXHJZTwAAAKYSURBVBgZBcFNiFZlGADQ87z3zjfjzDiMk5VimERmBmFpKgVRVATRQLRo5aaNhFA7pZW0qV1Ci0BoUVRQtLc2UmQaJVhBVChUhP2YDuow5sz3c7/36Zx46uipF9fNTR4oYQ82oC+QQVZdrb8tX83PY+X6kdPHF4cAAPHMG2dOf/jKnp2lxHymBiAT0tJ/Ix+dW/bvxcHqLz+dXzhzfHEAAG1pYkevbeZ/vqIpJWRlnFXXpbXR2OPb19t/T+tsXZrOeu/1x17+dMOpt58dAJSImM3MptcUbdAUmiCCIlBtnutZ3LvZtrsn17VzM+8BQEkCCkqEEqFEKBFKEy5dW3Pn7Mh9C+Hgw7doJpoXAKCFTNoGEeo4KaFt6GXx69U0rJ1ahx69a1K0pQOANpNEG0WVooTA+ycuWD/J6rCzYbbnnytrPivs2jQ7dfidH/P6ypovfvh7f5uoiKAIiaysrfY9sW+H53bPOvHtX44e2AkAPvhySa1xttSOTCoyE6kUVgcj12504OS5ywD6HSsDlpaHIqq21pzKTBIASSmhSUbj6tih3WpNiUaabhkMBlZuDrWjYfZHNade+24oI2UGlYWJoj8Yef2TP5SgG1d1XCUyk2R6omq7bmw8ZvPchAduLcbJODh7IQ3GnaZMIIWxiJA1ZVZdNzIcdtpuUGtXaw7H4ptLnRTgxurIRLQOLa7X1SEKSUY11fa8+fFFV1duakf98eWZXrPx1fuHM1mzVMCRU6kxoVrz7vcv2Ti9VSiWVv90cO9biimrg6E2Io89ffir5yPiwZQL6Eu2b52d2raJ22dveHLXPvO9LRSW+1vcNtOZ7tFGiMwEAAAPHTr59fY71j0yPzlvqp3T1ZGoVeRYjVXnL/7uysrI/62cRssvlMuuAAAAAElFTkSuQmCC",2
75979,Tavu,"data:image/png;base64,iVBORw0KGgoAAAANSUhEUgAAABAAAAAQCAYAAAAf8/9hAAAABGdBTUEAAK/INwWK6QAAABl0RVh0U29mdHdhcmUAQWRvYmUgSW1hZ2VSZWFkeXHJZTwAAAHMSURBVDjLlZLBSyJhGMa/UxTUIWJ0ZVmlwxLLEiEhurCoKeqCOtZN7J4ZRZdd9rSG6NFbSOegDp5aqWWI3UGm6KBUxsq2LLj+CzV9jDOH8NlvJtqLjuXhBy/z8Xvel4chAMhTKGfOMeVsbqXf2wBp3s5Yf5hno8rp24YxS9PTVHq18mTAgzj3k4mCIs0cqZeLUCTHJ1q13VKRSz0v4PRNVr1KQfu9Aa31BZ2LKKg42aHfJ8ZNA9i5L9hWUZFeQ73kof3N42SPR6OyjFZ1FZ36AuQfo5CPyc7gDiRHttNYwsl+Apqmodvt4uJrCur1GmSB/GI4TAOo9JKjVasQi8VQr9ehqiqazSaqu1Fofz5C/kYow9M3gJVkp+JUJZFIIJ1Oo1gsolwu42hngcmfdfmecS4fki3TC3ieN2SPx4NAIIB4PA7lPIo70YY7YQJyhdhNS3yU3W43/H4/LBaLvnWbbbxnvGNyQz4gmb4ByWQShULBkH0+HziOg/6die+ZKOjzzQEZYXzoCYhEIsjn8z3yI0wKmf7KwWAQuVwOLpcLXq+3Rx4EyWQyaLfbcDqdCIVCQ8n/A2q1GkqlklHYMLIREA6HN/WzrVbr0LLOP1AMs7UPAa92AAAAAElFTkSuQmCC",3
7527,Geba,"data:image/png;base64,iVBORw0KGgoAAAANSUhEUgAAABAAAAAQCAYAAAAf8/9hAAAABGdBTUEAAK/INwWK6QAAABl0RVh0U29mdHdhcmUAQWRvYmUgSW1hZ2VSZWFkeXHJZTwAAAHiSURBVDjLpZPNaxNBGMb33/DWoxcPngr+B4pQggdL8WNbaxQbGtugkESE0IZEkiYhpC2GtJQatKW5pFYl2yrKCrZVrMYo2jbHfJElm/1IPJXHmdklbZGURBd+PPO++84zM+/ucAC4/4GzjC2PTKXzuvvZPlxPCcldOBd/4v7Cd9ybz8Exl8V4fAd3H3+GfeYjbLEtuOLvdTqPGXhT+YNopoxusUfeHTADuvK/YA28BTNwJffQbDa75obvtWHgfPILjUYDOkOHrutsLIpiWxqkhvcKpgFpmKqq6J/IttBITAvbPZqm4ZrnlWFAu11XFCh1glI3VTnRgL6/8vCFYUA/Va0mQ5Zlpgy5RrRGcoYeIht5wsCDVcPAkfgKSZJQNaFjqSr9de54KozxmauwhvrAPzoPi3PMMLDPfkKlUjnWAxofPcLzD0vwrAxiLTeNL0UB4fU7uBw+g96RU0FuNLaNUqlEKJtqcNRgKHAB6W8RpH9EWRzcuInwxi1q8JuzRTdRKBQJBRQJhRbFll50n8XLXOJYI1ez09QA9C4s3w6J7M8a9r/BoHcd1ycypMtrrFH97jTO2XoQEIbgE3g22ZfhD3fQyY0jhZOXgqcxJQyzlanSmPWg02tLiv0ElW7bVD/N/wGu4yJFlYuLaQAAAABJRU5ErkJggg==",4
476,Dynava,"data:image/png;base64,iVBORw0KGgoAAAANSUhEUgAAABAAAAAQCAYAAAAf8/9hAAAABGdBTUEAAK/INwWK6QAAABl0RVh0U29mdHdhcmUAQWRvYmUgSW1hZ2VSZWFkeXHJZTwAAAJQSURBVDjLpZNLiI1xGMZ//+98Zy6G4zIJkyg0xEyWLlkMC6JkIYoke1kQUrKwsJGFlaVLsbBAuYSJBTEJCTkZQ8clJsYxx5y5fZfzfx+Lk8swbDz1rt635/319rxOEv+j4F/NzzeW5Xval/5zg5NE6c5yyYSkRZhmybRK0ra6prVIYujNBWS6JLOrMnWYtw6ZxszY+Ng5SfTeblNt01oqpTxB7WTCCQupm7oCMmMBQ2mJ6FMHUc8jkt4X1E9v4+vTk8zc9NSFADLlou728sTFx0GGfD9p3z3C3BKcC0l6zpId00LN3C0gT/H+Yczbyh83aGy71W/pIMhIi+dIi1ew6C3IAGHxR+LuMwy9PAAy4t4CMnsIEH4/hkxVXJ+ApeAMG+7AZVLko2pVYpAnyOaoDJWnAaWfBt5AAkuQT3GBB4bBpTjFoAgsrhJ5j3mzPwlUJZBSUAaIgBgRI58iHyMZmEPesiNyIG+YxQT1s8ESkIcggaBKISUgQIaP+7GKlUYamB0tPz9FOH4xLjsJFzpcmOLChKBG4FIaFhyh72U7cbn4bN72wvsRBk3rHu4cfHOdctdZaqasJ6hvIKhJceEgmbEhDc2HiHry9HXdwCfphlGjLG+TBwrXGChcJ9u4GRfOwQWDZBv3ERW7KHVeY/jzuw0tu953jojyr3p9umV+kM3lc82ryc1fQ6a2jnLXTb48uczA2/y61t0fLv7xC7/r1Yl5U+RtRxA27B/X3EbxwfmCTypbW/d8uDvqM/1NncdmTfJJ5aAllb2te7uHR5v5BtnsZt4skcPVAAAAAElFTkSuQmCC",5
32,Dynava,"data:image/png;base64,iVBORw0KGgoAAAANSUhEUgAAABAAAAAQCAQAAAC1+jfqAAAABGdBTUEAAK/INwWK6QAAABl0RVh0U29mdHdhcmUAQWRvYmUgSW1hZ2VSZWFkeXHJZTwAAADnSURBVCjPY/jPgB8ykKTggMPemTsfbHmwfuZqBywKDjjsOXP//6f/H/9f/7/0zAIHJAXHpQ437L+6+93j/9//fwHDC/9nz0RScKjhBlDf5/9fgRhkwgcgnvZ34oIeC6iCvVffwyXf/3/3/y0Qvvt//H/7AqiCnVffAqU/wqXf/H/9/9X/l/+bP0AVbG449f/F/6f/z/0/AyQf/z/9/yyQf+B/HcyEdVIrG5ZcXXB19oJpiyc96H3Qub51R+OH2gVVFnBv+uj6+ProYtIIBb6f/08v8OFHp9FMQMdoIYmpG10Bhv1ExSYAuRQri6NL7YwAAAAASUVORK5CYII=",2
3681,Skinder,"data:image/png;base64,iVBORw0KGgoAAAANSUhEUgAAABAAAAAQCAYAAAAf8/9hAAAABGdBTUEAAK/INwWK6QAAABl0RVh0U29mdHdhcmUAQWRvYmUgSW1hZ2VSZWFkeXHJZTwAAAFhSURBVDjLpZMxbtZAEIW/N/bP7w4aSiQuQEODEFdIAVI6KFJwgeQenAEBFQVU1CBOkAsgroDSRMof77wUa68tK5GQstqVd1fz3rw345Vt7jN6gM8/zj9k6u3lIYer8ZaoTY5dD8OOj+9fPz/tAdJ6d/TqyeNhGCR1eMIkAMIGez6bMl7z/eefE6ASXF7lfr8f9OX3P0oxY2b9lmQspkznkibTnB0/paQEEACHESI6hKhTTa7mrepegsxNDWhyadAaLIQJCQssiAA3kxuCBpKRRMhkCBlCVW8a1p1rBPYCXjKKTrNRkOvCuougkkTULA4tHRQ4IVb1aQSeCJbMJlZgTdlTqsRwt4LqddUFJms2YWPfpsBugRFTRWffEkojs4CnH6sRaLoNQbImEWlXZV7L3xRx2OmCvH745sUj0Ozd89wMMY4H+k5uBA96ff326+/LQ/Gz/3mcfQe74FNt7T2f8w1Fi68/h3owMgAAAABJRU5ErkJggg==",3
83240,Dabtype,"data:image/png;base64,iVBORw0KGgoAAAANSUhEUgAAABAAAAAQCAYAAAAf8/9hAAAABGdBTUEAAK/INwWK6QAAABl0RVh0U29mdHdhcmUAQWRvYmUgSW1hZ2VSZWFkeXHJZTwAAAITSURBVDjLpVM9ixNBGH5md/YjH3u3EnKX5BDcKyRNUAs7QUwawT9gZSptJL/gQK6ysLYUsfAX2CSNIVgKV4VwBqIQCGc06mFiYnazu+O8o1mihaA37MPM7L7v+zzPOztMCIGzDA1nHHy96Pf7L6MoqkogDEOsVqsEQRAk8H2f5na9Xq9RHiMLMvm6aZqdfD6vgv4cmzYNw0Cn08FwOKw1Go22UiAZH7iui/F4DMuykqTNRFqPRiNsbW3B8zwiPZCv26zb7Sr2XC6H6XT6m1yyQomMMei6rtgdx0Emk0Gr1cJgMKhxYifp5JWCbNtWWLNvKqE5jmMsl0tUKhX0er0DTkzz+RyTyUQ1aB1EzRRCBqeLCDQb33wLlsGxnYohTo6QcVylkgpUqTptKElaUpI1TcPOxatIp3ZxqZQFN3R8/BrgdOZjlrqA0ragnKpGrOSVQAXWoD2y57G/m8apz/B+Kt8xHXs7DiLTTY6YU4F1Ekkvl8tqJnz6HsA0DYR+iFi2wQ8FbK4jFFx9TwrQCfz0LBJQwGJhIFhFkA/C+FcjGbCQPSt5JaWSy462ms3mzY2/LJn3KjcwK1yBkzLhRwJck1a+rCA+9/Hk4TNJZLfY3y7T4+bQszjunMuahyRgOvfj8MMxu5Y/YfO3r2bvjo/usX+9jS8Ob90tFAuP8t5l983r5oL9z3V+fr98u7hfeRrHYeoHJYR682gpzWwAAAAASUVORK5CYII=",2
17542,Youspan,"data:image/png;base64,iVBORw0KGgoAAAANSUhEUgAAABAAAAAQCAYAAAAf8/9hAAAABGdBTUEAAK/INwWK6QAAABl0RVh0U29mdHdhcmUAQWRvYmUgSW1hZ2VSZWFkeXHJZTwAAAKYSURBVDjLnZPJT1NRFMb5G1wDHV5boNiqdHrvFYolCAtsGSSWKpMFKhYqlDI6oAEKaVJwCIgSphaKtLYWCgSNBgRjMNHoxsSFS3cmJmA0NMTw+R6JKKZl4eJL7sm953fOd3JPHIC4WMpcppG5SGnZc8ZjVVF6QLn975sDgfaZmvg71oRJZIRUYcuAnq/2KWroGfm3QwEn2YpLVPPvOD2oiqj9yq/mGznegl56mx6T7ZbY1M6YAM0CuZkxT0b2Wg6QW/SsApRXDsotR+d6E9Y/h9DuqoCuJq0lKoDxqU1/pITGR27mBU4h+GEcTz5OY+ClA5JbyahYzof/9TBO9B/FcWcqpA4xU3We3GJ87ntnfO5meinMvruNnqcmXA2XoDVcCc0wCYkzBaZpA7ILRJ/2O2B87jA+QT9UeDRe8svZYAG8b/txc6kc9mA+yqayYPQXwvdmBEOrA5B2p0BtFIYOWKCm5RukWwZyXIbA+0F0LpaiKaBHmVsLw4we99ccsM8a8GClF5JOMcQdou8prULrgRmQo7KI0VcE13MrGv06lE5kodhzGvdWu2GdKkTVWC4DcELcJkKyXbCb1EhAVM//M0DVUNqP2qAJd1baUDaZjTMTeXAttsPi0cM0mgvHvA0NkxYk2QRIrieOsDmEmXttH0DfVfSluSToWmpD8bgOroUOWNw6VI7koGfOBuq6EqLLTNU6ojrmP5D1HVsjmrkYezGIrlA9LjKgnrlGXJlpgbCOD0EtD0QNN8I3cZqjAlhJr4rXpB1iNLhrYffUQWoT7yUKzbxqJlHLq0jc5JYmgHMunogKYJVqF7mTrPyfgktMRTMX/CrOq1gLF3fYNrLiX+Bs8MoTwT2fQPwXgBXHGL+TaIjfinb3C7cscRMIcYL6AAAAAElFTkSuQmCC",4
23,Meevee,"data:image/png;base64,iVBORw0KGgoAAAANSUhEUgAAABAAAAAQCAYAAAAf8/9hAAAABGdBTUEAAK/INwWK6QAAABl0RVh0U29mdHdhcmUAQWRvYmUgSW1hZ2VSZWFkeXHJZTwAAAIJSURBVDjLpVM9aJNRFD35GsRSoUKKzQ/B0NJJF3EQlKrVgijSCBmC4NBFKihIcXBwEZdSHVoUwUInFUEkQ1DQ4CKiFsQsTrb5xNpgaZHw2Uog5t5zn0NJNFaw0guX97hwzuPcc17IOYfNlIdNVrhxufR6xJkZjAbSQGXjNAorqixSWFDV3KPhJ+UGLtSQMPryrDscPwLnAHOEOQc6gkbUpIagGmApWIb/pZRX4fjj889nWiSQtgYyBZ1BTUEj6AjPa0P71nb0Jfqwa+futIheHrzRn2yRQCUK/lOQhApBJVQJChHfnkCqOwWEQ+iORJHckUyX5ksvAEyGNuJC+s6xCRXNHNxzKMmQ4luwgjfvZp69uvr2+IZcyJ8rjIporrxURggetnV0QET3rrPxzMNM2+n7p678jUTrCiWhphAjVHR9DlR0WkSzf4IHxg5MSF0zXZEuVKWKSlCBCostS8zeG7oV64wPqxInbw86lbVXKEQ8mkAqmUJ4SxieeVhcnANFC02C7N2h69HO2IXeWC8MDj2JnqaFNAMd8f3HKjx6+LxQRmnOz1OZaxKIaF1VISYwB9ARZoQaYY6o1WpYCVYxt+zDn/XzVBv/MOWXW5J44ubRyVgkelFpmF/4BJVfOVDlVyqLVBZI5manPjajDOdcswfG9k/3X9v3/vfZv7rFBanriIo++J/f+BMT+YWS6hXl7QAAAABJRU5ErkJggg==",4
4313,Flipopia,"data:image/png;base64,iVBORw0KGgoAAAANSUhEUgAAABAAAAAQCAQAAAC1+jfqAAAABGdBTUEAAK/INwWK6QAAABl0RVh0U29mdHdhcmUAQWRvYmUgSW1hZ2VSZWFkeXHJZTwAAABhSURBVCjPY/jPgB8y0FHBkb37/+/6v+X/+v8r/y/ei0XB3v+H4HDWfywKtgAl1oLhof8TsClYA5SAgEP/27EpWIxkQj02BbOQ3FCGTcGEdV3/W4B6K/+X/M9fNzAhSbYCAMiTH3pTNa+FAAAAAElFTkSuQmCC",4
98,Yoveo,"data:image/png;base64,iVBORw0KGgoAAAANSUhEUgAAABAAAAAQCAYAAAAf8/9hAAAABGdBTUEAAK/INwWK6QAAABl0RVh0U29mdHdhcmUAQWRvYmUgSW1hZ2VSZWFkeXHJZTwAAAKjSURBVDjLlZNbSJNhGMfnTZddJHS4iFJzdhFSRAc6WClJNmbMZrA+0x0+dQesXGpTnDo3aylmSToSgqiMqNTmFC1aOVMHuSG6DS22SK8aMQPZwanj375vMPuoC3vhz3P1/Pi9z/u8LACsqampc6MtJD6ocvBOtBcsFuvwBrObak632Wz+z9Yx2K0WDBelYW1tbUOhISqVapPRaBS+vV2K8a5SDBemIRQKMRIIBOD3++NZWlrC6upqDMA0GMEQwWY0+3w+tKvL0MLZCm3ONqiILHyZm8PKygrTYEhbirGHJRgSsLG8vEynpnselZUN0HN3QHM+EdpoLTu5GdcLL6wD4gYTMYPBS2yEw2E6qqfzqMo7gTtkBh5X5qI8exeq+ftBZiYjGAwwDQYbS/CpsxgD+ak0nUrVk++olpHwOYwIzprw09KBXy4TepoKooBg5J8G/Xmp9IAoAHWNtvudGDdIEXC+QGj2DTwmHWqUCiwuLvqjgIPrBvXFGH1Aop+3J95M1j8HJzcPdTo9tEoh2m4Kobh6A8VSOe62tiIhIeEI02BiBMbcFBpgNpuh092CRCIBn38Rhq5HGBh+Dy6XC5FIBJlcgaPHjhviBqZaEpZ2Cfo4KfQAv907A8szHdSNeiiV5cjn88Hj8VBQQKBILEW3oQme1tMRhoEtatCbk0wbeAfq8bKWi8tiBfR6PTQaDQiCQHNzMwiRFGpxNjwdXM+6QbUEH9tE6M2OAcIhP34sfIW6oQlyuYy+ikAgoGuJ4hoW3C5kpO88+5fB66wkRCIR+iWoQVKrS22jy+WC1+vFnye+BxUVFUndnH3ou3IIrzKT4Ha7MRddV6fTiZmZGUxPT8PhcNB1cnISdrsdVqs1BqBAVISpW07VHdiukbATyf/5zr8BNamLpjmUSloAAAAASUVORK5CYII=",4
3,Skinix,"data:image/png;base64,iVBORw0KGgoAAAANSUhEUgAAABAAAAAQCAYAAAAf8/9hAAAABGdBTUEAAK/INwWK6QAAABl0RVh0U29mdHdhcmUAQWRvYmUgSW1hZ2VSZWFkeXHJZTwAAAHySURBVDjLtZPvT1JxFMb5O/gHskVzrrV+mFZomDdEDGkYKSXlRleY6IzcFdQ7lBgYeaELBNjFEpbWi9psRU7JnCa3VYTV/WfY01davkFk0/XivDp7Ps/Zc86RAZAdpmT/BWDLmun+5ZuS5X0P+paMML82SKZXeroqYGDttty22it6Po8iWeCxIAlI/5pF9Osj3M8MwPCsXex8ekVeEWAlYn+OxaKUxNx2FKmfcTzfjiH2ncNsnsfIOzu00RZxT4B1pZee3GTw4vdfVyEfxkTWAdfyMMJfHiL2LYgImcSyeAstgQt0GeBuxiQl8iEIP/iSW/eCrtiV0rLXkm3s1ThVnN6cQkj0w511osl7TioD9L29QcaNY64QhWvlHrrmtey/niasclCcEqrp81B669HoPo0yAEmaBBcpuTOZQegF9S6gdUaJqms0vdRL3JYXQdEHLueD9snlovpxc2qnd8nfiIues9gXYEx30INLFvAksB1IIPcAd9LdaPY1oEcw4HqiE2ecJ7DvHegSlGh/Y0FgywP3uhPeDRae9TG4P7nArjHQ8W2oG1KgIkATUcmpYJNonjeC+TCMyZJwFOMfR+BadaCdo3DcdhRVT5kkTZOkC/VjJ3GKqUNHSA3NTCsR1+BAz1RrPwaFtQYH/kZF/5GKa/wDDtK86rC6fMkAAAAASUVORK5CYII=",2
765,Linkbridge,"data:image/png;base64,iVBORw0KGgoAAAANSUhEUgAAABAAAAAQCAYAAAAf8/9hAAAABGdBTUEAAK/INwWK6QAAABl0RVh0U29mdHdhcmUAQWRvYmUgSW1hZ2VSZWFkeXHJZTwAAAKFSURBVDjLpVPfSxRRFP52Z3aXXdOd1V11NbYHUUQRtRIi38pCCQoi6KWX/oRefeq1t94TgyCJhKiHWgwki4pgU3YxonzQ1BXBrXHd2Z2Ze2fuTPdef0Sl9NDA5dyBc77vO+c7N+D7Pv7nU/+VsLCwcN913RuO46g8gkd5KKUiPgocpaBQKMR5wYSmadcikRgIL4LnQWbzmkRCw8xM9nAF+Xx+VBQnk8n2uro6rHzbgGD3PB+e73EgH4yDEUIOB+DJ2UwmI++WZcPhxYuFeQ7gHZwLF8dkG38BPHj9I1Ovr0PXdXR3d+8yM4ae3gHJ7u+xi9Z/UzD1Vo9Sh005O8Wx5mgUiqIgl8thYGBQSi/kczwyyc44YPrSlV8KOKvKJ1qIhAKdqtaCT8ub6EhUZIJQwJiH3r6Tkn1fhb83g6Ds06ZtFnE7Y2FACXhQm7rwfjWCdMcg5uZeIfviKZgcoodS/Qomy3fBRykJJEDVpO2E/3AgrJdqCCkewlobJp7NS8+Hhk5j+vFDuMzF5Nd7WC1tShUHLRiWlVICQM32OZiNrW0H8ZiK9IkOvFt8g/7qMhKNTcJ+3Gq6Da9RrIInwaWCHcPqog6BaTuomARGzcZSUUfZIIgeP4XsR4bh4XN7FvoyCjChQCk1Xw4bJplNaWGlwgvDXIqq8B0PBrhdDGsrJZztaUUmHZV2it7FRsbjDdylD1DLhlVtiAVDYkg1i2B9YwfGdg1W1YZdJWiMEIxc70cymZKS91e/tSUlHVLLVXM26IdGP383UCzqjlOzxxl1l5hNSy6lGyNnyr0vZ57f4cV9+49JxF172RfVNMyrlS3niWuR865Fj+Wmb9I/lnONn+xRr/UnsVG4KayFAQcAAAAASUVORK5CYII=",5
5719,Twitterwire,"data:image/png;base64,iVBORw0KGgoAAAANSUhEUgAAABAAAAAQCAYAAAAf8/9hAAAABGdBTUEAAK/INwWK6QAAABl0RVh0U29mdHdhcmUAQWRvYmUgSW1hZ2VSZWFkeXHJZTwAAAD3SURBVDjLY/j//z8DJRhM5Mx/rLLo8Lv/ZBsA0kyRATBDYOzy8vJsIP5fUlLyv6Cg4H92dvb/1NTU/wkJCf8jIyP/BwcH/8fqgkUHSXcFA1UCce7+t/9n7Xn9P2LiPRWyXRDae0+ld8tL8rwQ1HVHpXPTc7jmuLi47IiIiP+BgYH/vby8/js7O/+3sbH5b2Ji8l9XV/e/mpoaaiC2rX/+v3HN0/81q54OUCCWL3v8v3Tp4//Fix+T7wKQZuu8S+THAkgzzAVGRkbZ2tra/1VUVP7Lycn9FxcX/y8kJPSfh4fnPzs7+39mZmbUQARpBGG7oisddA9EAPd/1bRtLxctAAAAAElFTkSuQmCC",1
59,Yabox,"data:image/png;base64,iVBORw0KGgoAAAANSUhEUgAAABAAAAAQCAYAAAAf8/9hAAAABGdBTUEAAK/INwWK6QAAABl0RVh0U29mdHdhcmUAQWRvYmUgSW1hZ2VSZWFkeXHJZTwAAAL+SURBVBgZBcFNaJtlAMDx//ORjzZbs7TJkmowbJcdZqr1oNavCiIIMraBh0IY7uZx8+OiVw9SQZgXp3gR3A5OtIigcxMcylyqVPADh0WNpO2bpk2bvm3e5P163sffT1hrATj/2drDwKXjR7JzwyhhGCVEScIoTlzgAOgBBugDO8DHwA0NAJDE8SMPVA7NvTpfAgAAwAuT/DBM8n3fVMMIDgLDf70BX//jPQtc1AAASRyXJ9ICgLU9Q0oItAClIZOS3JeRKClJKZitjnFPPjf54U/OOxIAwETRRE5DnMBBKHAj2AvA9cH1YWcEWwMDwOtX28wdy3F/MVXSAAAmiiYPpyVeAJ5vkFKgAaVAKlAIlIAEEGaf5r99fmm7jgYAMGFYzo8p3FHMMLBIaVESpBEoCQqLUoBVdPcD3r359z5wXgMAxGFYK0+kcH1LDGBBGYG0gAGFRVtJYsGkDHEYH/vi5cd3JQCACYNaJZ/BCy1CghICCUhAAADCgrUQBwEmDAyABnjuzetjWsl0JiUJjUFiAYsFDAIAAUgJkTEMvGEM7ANogDgIS7lcFinAD3xav/2Iu/4npakCTneHk0+d4dDhSW5f/4jfiwUek1uy67Rfm59/6z0NYMJgXOfSWBOxfONT8tLjxXMNPM9jfX2dZvMrVCrL2dOn0FrR6XTkysrK2+12uySeuHClCFw+Mz/7wvHsFs3vv2WhscDVT77kr1/vMF2pUK/X6XQ69Ho9OpubpI9Ut155qXF0aWnJ1SYMnwGeX7nb4k77Z2aq4wD0y6cYDG+xsLBAoVBgMBiwvb3N5fc/YHf8wW+Ac/l8PqNNFD10+umZsTcaj3Ltmkez2QSgtvs5a9KyuLhILpcDwPM8bJIwtXv7STjJxsaGr00UtTZ7Lldu3iXU0/TdAT98d4v6zAz1ep1ut8vq6iqZTIZarUa5XMYPo6PLy8t7juNsitnGpSJwEahhk6KK9qpToz9O3Fsp6kw6LYSA1qhEdnyCaVpYm9go8H3Hcbqe5539H/YvZvvl5HpaAAAAAElFTkSuQmCC",3
169,Brainsphere,"data:image/png;base64,iVBORw0KGgoAAAANSUhEUgAAABAAAAAQCAYAAAAf8/9hAAAABGdBTUEAAK/INwWK6QAAABl0RVh0U29mdHdhcmUAQWRvYmUgSW1hZ2VSZWFkeXHJZTwAAAG7SURBVDjLjZMxi1NREIXPC9HCKGGN2MgWdio2utZxA0KKVPkBwqaR/IS0dqYx/0LIVpsuBMFKA5LdQotF1kJWcMvYmBfemzPH4r4X3+pDMjDM3MvMx5m53Gg4HJ5L2pV0OhgMHmAL6/f779I03Sd5WgGw2+l0QPIetrQ4jvd7vR7iOL5fJXkymUweXb1+OzparCQATiCPDsAFkMDz5rUIANbr9dvRaPTMzN5HkgAAR4uVdmoVQKFJHhqlEC9+Og6eBkDRqnlCD8V5Q+4S4A6Yl4+zAeSFyiS7/wVhOWEzwuGHlW7eqEACPp0vgyoJJCA6zAE3hxlgJF4d3I0uKTABLIxwZ+dKUOECXXCGSApff6QlO2BBNpWdBXcHHSAdZAAkqZcABFwsHXQPxS44HSSyuz9K0lT/AopP9PJwKZpvJNMdbgp7oMOsBFA0M8EKkjc7yHIz/h+QJoRZddNoVLZMhxOXFXS73UWSJHskj6fT6RMASM1x9v0XUgdoDiNgRjjD03588wK3Xn+RmZ2h3W5rNpup2WxKErbxRqOh8XisWq2mqNVqHSdJ8pjkyXw+39vmN9br9c9m9pDkt98JJaJgEg+kbwAAAABJRU5ErkJggg==",2
7753,Zoonder,"data:image/png;base64,iVBORw0KGgoAAAANSUhEUgAAABAAAAAQCAYAAAAf8/9hAAAABGdBTUEAAK/INwWK6QAAABl0RVh0U29mdHdhcmUAQWRvYmUgSW1hZ2VSZWFkeXHJZTwAAAGvSURBVDjLxZPbSgJRGIV9BB+h+yikuomIJigo6UBnKtJOUFSkSBIhMUZmBywUNDtQG6KMCrITXVnzCANSYUNNOoMzzEjuR/jbXWjQjN0UdLFuNnt9e/9r8RsAwPAbGf4c0BsSi8b2JOS5UN9cpwo7d6Kw82fqW19IRK0rqaIfAb1B0eS7zeC1mwzu9AtU7pwYKfe5iukzBZsXeJMuoCcoGH3EGI5loXPjy5yTeZGnCBhmj2Vc53oxagBdfsG+y2BwRhS20LzD2yK7eq0C5eTsGsD0gczs3GeBfJcuBKid5WjvpQrta0lGA5hAEhO+y0KThy8IqHZw9GJUJY/oALr8KRSOvUN3QIgWApjdr1FPVPkcAWkAjW6eWr7KwExExj9kgB2HEpSNPlK6NTYv8WjpQoGaGW7wu7li7GnQeSRDtf0Z6dbYHUgxxGhqcPNofD+NK6cS+arKR5+M/SEBV9kSqNT6YKp3cdoMnBEZquzPdOV0gupYT7JtvmS+zhYvz5Jw2RJLnCoeiNPWTRE0AMeRBLYDCaZQGiaJxvfS+Usj2yIMEVm3RLAQ84Ae4N+28QM8btMbbDzl6wAAAABJRU5ErkJggg==",1
97,Thoughtbeat,"data:image/png;base64,iVBORw0KGgoAAAANSUhEUgAAABAAAAAQCAYAAAAf8/9hAAAABGdBTUEAAK/INwWK6QAAABl0RVh0U29mdHdhcmUAQWRvYmUgSW1hZ2VSZWFkeXHJZTwAAAKASURBVDjLpVNLTxNRGOUH+Av6O2Dp0oVdGEE37EzcmHShiRoCMWqDJiQSI6QjREtAHilQU0lQ3hawjEUM2pZSOn1QHi0M0GmdDp2+oMf5LnSsj503OZubc853vu9+twZATTUudcGgoU6DUUPjOYznd4Y/+dXCCxpqW97JJsfnXW7ZE+bX1jcknz8gLa0G+dHFGNdkT5mIQ9zfDM7FF4dde2bfRlQQkzIUtYjSaZkhky0gcZCCe9Uv9M5EzcStmFQMaknsD24quXwJdNTCCVJKEZKG4/wJu1PUApZWvIp1MkQmtcyA+qLYVLkiPpILOPhRgJg+w146j0Qqr5vMzLuFO0MitWMggzoHv8NRbDo9c3Fcf+rSce3JIkND6wJaBkOME4ztw2Jf5khLBkb39xBPPVNUEjnXJL1qXMphN5nDrCeJBrMTcraEw7SKvpH3PGnJoNG7ti7RsJKZIjOoFsYOVNzu2cD6roL6xx/ZXaF0iiHbiERaZuDx+ZkB9U5x57xJRozsZ5m4/tEs3rpFZrB9lNNSFNHXP6gbGD99DfBpJY+MWkLX9A4u3xtlxIGFBBNffTiNKw8mcP9NkL1MOJ6GxWrTW6izOSPcdiKJchlMuHWosuhRUcWzsRgz8MQyCCWyKJ6UMf8lAHP3hD5Ew93hI5PTtSJIco5NmYQEaiG8l0WbYxPfojIrENGqd74aEG52h8+esbJIljGfeXzWpYipY0ZMH5f0NLRMVDkcT6HDOqw0WyZ/LVL1KrfbVswD9nFh2RvBtiizmVDPgS0JUy4f2i29QlPnh79Xufoz3erZMrW+nuKed/Xzlpfd0otOTmrrsPLNHQ7uBhf892f6n+/8E/bIBuJgfmmXAAAAAElFTkSuQmCC",4
58,Skaboo,"data:image/png;base64,iVBORw0KGgoAAAANSUhEUgAAABAAAAAQCAYAAAAf8/9hAAAABGdBTUEAAK/INwWK6QAAABl0RVh0U29mdHdhcmUAQWRvYmUgSW1hZ2VSZWFkeXHJZTwAAAFuSURBVDjLpZPdS8JgFIf9F6UoieiDogKllUNhM4IIKYhCRAqlIkqKmYVGERZFUZB9kBgJ9uH9dARdeDfn6T3ndbJFN7kfPDDGe55zONvrAgCXE1zuacW7nK3UQ3ufIO8yku8gbZchuFWCwOYriBsv4E8UYCr+DMLqI/hi9yAnbutYR4JwumJEcyr8FyFybZAAO3fC2NIVkEBOfkAnGVm44AJp541eFItFAjOU0QhMvBAhms2m/Uz4rCVgC+tEMDB3ygW47b+CBSaGYdjA9M+ecAF+qt9dzU5YDCmRwMLv0jiB6Zs54gJx3T62dVTq1hI0Gg2bwCNnuEBYe2qPbB0TC6zout4G0x1Ic8Fk7IELBC+Bh83F4bM5DRZal9glprjAF83zreXvOCzlrxKBUVUVqtUqPddqNdA0vie3XwHzLigTKzf0Z40uXsJw+BwG53Nsy8e0KE8oC73SIfQED9jY+6yzAqwGUUjg+DY6FfwA5i1AjZKvAWgAAAAASUVORK5CYII=",4
0,Thoughtsphere,"data:image/png;base64,iVBORw0KGgoAAAANSUhEUgAAABAAAAAQCAYAAAAf8/9hAAAABGdBTUEAAK/INwWK6QAAABl0RVh0U29mdHdhcmUAQWRvYmUgSW1hZ2VSZWFkeXHJZTwAAAGvSURBVDjLxZPbSgJRGIV9BB+h+yikuomIJigo6UBnKtJOUFSkSBIhMUZmBywUNDtQG6KMCrITXVnzCANSYUNNOoMzzEjuR/jbXWjQjN0UdLFuNnt9e/9r8RsAwPAbGf4c0BsSi8b2JOS5UN9cpwo7d6Kw82fqW19IRK0rqaIfAb1B0eS7zeC1mwzu9AtU7pwYKfe5iukzBZsXeJMuoCcoGH3EGI5loXPjy5yTeZGnCBhmj2Vc53oxagBdfsG+y2BwRhS20LzD2yK7eq0C5eTsGsD0gczs3GeBfJcuBKid5WjvpQrta0lGA5hAEhO+y0KThy8IqHZw9GJUJY/oALr8KRSOvUN3QIgWApjdr1FPVPkcAWkAjW6eWr7KwExExj9kgB2HEpSNPlK6NTYv8WjpQoGaGW7wu7li7GnQeSRDtf0Z6dbYHUgxxGhqcPNofD+NK6cS+arKR5+M/SEBV9kSqNT6YKp3cdoMnBEZquzPdOV0gupYT7JtvmS+zhYvz5Jw2RJLnCoeiNPWTRE0AMeRBLYDCaZQGiaJxvfS+Usj2yIMEVm3RLAQ84Ae4N+28QM8btMbbDzl6wAAAABJRU5ErkJggg==",3
4,Voonder,"data:image/png;base64,iVBORw0KGgoAAAANSUhEUgAAABAAAAAQCAYAAAAf8/9hAAAABGdBTUEAAK/INwWK6QAAABl0RVh0U29mdHdhcmUAQWRvYmUgSW1hZ2VSZWFkeXHJZTwAAAIMSURBVDjLjZO9apVBEIaf2f2iRxMJUfEHFEStBCtRC0sLSzsbEcFCrQQVL0AvQAgkd2FhZyOkNRAsrERQRMFwonDM/35nd/a1OCfHRKI4MEwx7LMvM++YJADM7ARwFIj8O5aAL5IqAJIYQi6klH7mnL2Uot0ypaSZmZlp4BQQJO0AXMo5+9ramtbX10e5vLysXq+nbrerUooWFxc1Ozs7gjRD+TasIcZICIFaK7nCSomkYlAinQydiUlu3rr9IDZjdv/e3ecmaQtwsZQyv9F3Pq8ZH1eNzSzGGzEenA4txw8eYH+ETgNjASb2Npeb7dNZ+A5vfzTkKvYE6EQIDgEjhDGWeqvsC06jwvEjhwEYAR6+/PBo7pshREDkAKVCFQwQYBGMQCdGNot+A57O5ye56noqQgwa0USJRqngMg7vNcZiZLNAJbDSH3zcPFuoU1n2uHWFKDEAi2hw/iCcnTTOTRm1DjbmLlYzpKHypnVdzc5Uv4IJXKIKbpwxrhyz0XzMDEnEGJkM4lAz6DV953TfZX2HiihVXDsZuHLMtvwxMpyZUWvdYcsmuazvCn2XXIPBnRjf6d3toBDCjl5oXbQOrWOtQ3Lx6msdyd6qf+Y2AL3WZcnFpotUxJtuZfqd//XxEFABQip6nQYqLLlIDq2LF5+cO3OZ9z3tdpHV3TcAt23nfHJ4zoH/CweWfgFQJVPOGSHTggAAAABJRU5ErkJggg==",2
3,Browsecat,"data:image/png;base64,iVBORw0KGgoAAAANSUhEUgAAABAAAAAQCAYAAAAf8/9hAAAABGdBTUEAAK/INwWK6QAAABl0RVh0U29mdHdhcmUAQWRvYmUgSW1hZ2VSZWFkeXHJZTwAAALNSURBVDjLjZBbSNNRHMdn0x7qQXwoyoqYS3tIJUsR8UHnFEKayXCO8Dp0mje8zLVm3vJSGpk6539azQteZt6aYmuKoQ8q3uY9LSJHqFsUJGpqpNu3v0FmGOaBLwfOOZ/P+fGlAKAclFQ/S960zHplse4M5qtoW5XxVnIfZ6ujv+8PhOO9zzK1NTTDUv1p7E15DL3oUAJ5yAnJUqsjdGo+NgYLoGtxxZLiHGZk9OVDCQg/8wL9hBor/QS2JqqxNkBgcVyFnmwH7aEEbG//iNnaJOPqZDMMc61Yn1FC3ytBVrB7yz8FEQxrXinPY0USxAARytyK4tqNSkQxP/QtAiy03YO+PQ19ZbGw519SOQltj/8lCHG9wCzleRqKAhjYm4rCeJSU5yBfmoaMR0K0valFbk8W7NIvVl0W2BzbFRRyr/Q9ifJFa2YYZutTUSfgQBLERFmkJyonUiEbE+GxJhF5miQ0vZUjQRkHlygnYlcg5dKb3vco9hWmSGGgcOwO8jVCZI8k4O5INMRD0eARoZgnfP5fWH62H6TjYigIFroCLdHNNEUb2xwPYh2ge3r9j+DI1WKxVBy3rzBbTjKKM90wnuyCzZcFMM6qsd6QhOEYe+MA73z1L9jEtSGcLdCs9X4C7je2IK1CAaGkCs+GNyGULqKRabG6QcKQsACRBfmIhi8P3dHpSZ2n0LzLOJz4jvX2OQNyZgH+MBDcC/h3AFwFyfQD3R5mMGpasXctZ5wiz02NlKkcx+3R5hIIXugRogZClEYEKIzgVBnAkgGsEgNUN07imzwMIKHvtyn4SubjLSo6vaiLFG2xm645NxE30wcR0QXwXpETKIGgdiBwZ4q8eVTzfTHEt4FORMNnsRk+hJvgNct0W+1FTaG8q4l0UWWxU5w5tUrHhBEw0qfITIOROgm3FA3o155rS5LDM0di7RvIH7U7Y5P7wg68099P+T6oezGZAe0AAAAASUVORK5CYII=",2
49459,Thoughtsphere,"data:image/png;base64,iVBORw0KGgoAAAANSUhEUgAAABAAAAAQCAYAAAAf8/9hAAAABGdBTUEAAK/INwWK6QAAABl0RVh0U29mdHdhcmUAQWRvYmUgSW1hZ2VSZWFkeXHJZTwAAAJVSURBVDjLlZPbS5NhHMd3tbvyov6HIJRuhKAFgRci5GXYVQkG0c6HJGvD1FVMjdxC22wlQ9iG7uBh0rtDmxtb77vFoh2c7KgMtiGbU9xdgezb3hf0Ii3cxZfngef5fn6H5/ewALD+Vv8Upeh7HfzdM+pb4QwT7PPunOg8M7tlPh63JtE/4UM3f7WnLUDL3NE7vgmFKYbeF050Di3dbQvQSrvjzogTIm0Yt0WrePp25VNbAHcgrLopXMOgyo/uR8v4bAnAbrdLLwSIRCLK1HYaHKEdnQ9MuHZ/Edv5MpYcHljc1K9Fgvo+uxqanLYEr5wBhMNhZTqdRr1ex6jOBz8VxzONC+VyGQcHB5g3rcFGZWH+lscrc9ArWdjseqzzXWLMFEWdmnO5HEwbEYzpvmKZ+IFKpYJSqQS/3w/l+4XmlCXYnHGmMfTBOzyg9lxmkSQ5RpsbjQYKhQKy2Syz7u/vM0Z6T5+73W44nU7IlOrmS9tPPJn3VfsmXVdZLfKbra0tVKtV7O7uYmdnh8mEBtCwVCqFRCIBgiCg0Wggk8ko7sdNCMwJ3JogRpgSHA6HOhqN4ujoCIeHh6jVashkMkgmk4jH4wgEApibm4NUKqVEIhH74awXrfSPbyi+dJ020Wg0vguFQtjb20M+n2eixmIxBqDX6+nIpFAoZMb63owHHCXhOvOMWq1W7fF4UCwWQZdFN9RqtdKRSYFAcPonrj/fGPznIKlUKvX6+jrTfZvNBolEQvL5fPaFJ5GWXC5XGwwGiMViksfjtfcbT9Rq1gCXy/2vmdYfaGviUGKvapgAAAAASUVORK5CYII=",2
74,Tagpad,"data:image/png;base64,iVBORw0KGgoAAAANSUhEUgAAABAAAAAQCAYAAAAf8/9hAAAABGdBTUEAAK/INwWK6QAAABl0RVh0U29mdHdhcmUAQWRvYmUgSW1hZ2VSZWFkeXHJZTwAAAJTSURBVDjLjdNNSJRBGMDx//vu6mp+pKaii4mupCQUIVgKgWH0TXaumySFp8Cog9coooN000t0EssIokgzoQiyLEiQlHU1ykDxsOqquKvvuzPzdBAXFzdwYBjmYeb3PDPDICLspS80NkqquM0e25vW1pRxS0QSk2AwKFprlFJsj0opwuEwIyMj+P1+qqqqaGlpsbb3eHdq8XicQCAAwE5YRGhubkZEGBoaSqogCVBKAfAxtHUyLaANGDFoDedrFY7j/B9wXRcRoa4kkvIiIW9vwOhcPkYMymxVoDQYozlr93A8a4yZ7sfXD7VPPEkJANSXLu7Krn+/IjNrgdrLt1n82vVo7EH1fF3n9LskwHEcRIRPswVoEZQBo6Fk9TUNRePsrzlD9O8gaTk1BXnlzsvBW4G2JGBVryAinDwYTspuTX0j78gldGySjMIyNvUcpU3H9qlopDsB3Bltr0jPy+CCXMQYQ29vL7ZtY1kWR7OXKamdxfYsYtlR0nMXYTPG+oLjSQDGmEo7zUNw9SfF4sfr9XLicCFl8hkrTWPUJLZZATsHibtMPQttTobWbngBOkZu5lrG+nAgs5DhuUGuFrdSmTmHP/qD8qZziPseSy8zPrCGtbGEaKW/hOOdHX1/+mwArXS747oyEw4RXYoxNDZAbUmYwOkrqJWnWO46E8Ob9C9n8ryimns+n3pbUXwq8Yz6RcZDAAuIoQnxi4b6OJZnHo+viPHBCAPBIpy0UlbGIxS7lT6fm9Gy6zPtbN+76u9nF+S3xZajG9PT4bvXeqb7U637BwW7d+CBmtk1AAAAAElFTkSuQmCC",1
9,Eidel,"data:image/png;base64,iVBORw0KGgoAAAANSUhEUgAAABAAAAAQCAYAAAAf8/9hAAAABGdBTUEAAK/INwWK6QAAABl0RVh0U29mdHdhcmUAQWRvYmUgSW1hZ2VSZWFkeXHJZTwAAAJ7SURBVDjLjZNPSFRRFMZ/9/2Z90anRlKzMS1UjFyoWS3U2oVQ0KIWrXJRFC7KTdRCqUWQkBt34aKN1a5FEUkRLbKFiBAoVi4kUQIbtfwz0zjjezPv3ttCwyYr+jibs7g/vu+cc8XDwbE+pcT5TFa5fsB26fzWtsC1Gbh85vA1AEtp0X76WGWp67pCCJN/yVMggxxP30xfADYAGV85juOKR29X8VgmJaaoKvtK2E4SaMXK9zCT01EKdB0Wxdw4V4VUQvyEWtkADMPEEJA1Fqgq+YoT+kzSTxHIAMtxqK6MMTtTSFGoBKXyXVkACjAMga+/EbJXSawn8aVHNggIdBrHcUj7YYrDBhqdN5gtgBDoQOHLHF7gs57zyaoAqQCRQyuJZQi0zp+qAaD1BsCllFS6EI2NryR+IBEiRDoVIRIqxzQN0GJ7BK03IkTMvXxZWCTqzlNQaOCIgLWVAhYXYsSi1ViG2LYZS/8KsHdTHm5ibnyIokgcISW2V8q+mnYibgyp1O9nseVgarkDqRRSKQ7432ip3I8CZuYXebXWjZkoxFQRbj/wyHjezhfd87de3p3osbTWCODkxmEBYNYnyKSXceffU9LaQcP0GEuZKY7UHaViVy1Dk8/E6Mf4nebO8qLNVPnGZLgIv6SGZP1ZtGnzbvIthw42Ig1JY6wNKXI017cCXLVcWyRRuWhjWTMIsYnSPwuApeQitohwqu4SANdP3GfwQz/w3LVClnj8ZGimJSt1vdZ//gOJVCI6GR9hIj5MV9sAva8v4poOgCf03179oubO8p6KqujN1obj1O5p4tPCOCPvh5mbTfb9F2AT0gtcAXYAKaB/9F686wcCdBKN9UyNSAAAAABJRU5ErkJggg==",3
1,Pixope,"data:image/png;base64,iVBORw0KGgoAAAANSUhEUgAAABAAAAAQCAYAAAAf8/9hAAAABGdBTUEAAK/INwWK6QAAABl0RVh0U29mdHdhcmUAQWRvYmUgSW1hZ2VSZWFkeXHJZTwAAALHSURBVDjLpZLtS5NRGMYf6H8RIoT8VB+CZaKUsHIGGYgRpYn4IVdgmhW+zNnUTTZwC6l9SahmDjNTLJdtTtO11tBiOed8mS9zbW5zm9szd56r5zxKtM8euODmuq/7d87hHAYAcxwxxwY86pudlPX/itTpnAeVPXZyS2UnN1XfSEW3jZR3zZHrnbPk2tOv5Kp8hpTIpom41ZoRt5mTFxuHfackqklGPeDypNKEiyYyYDPIUvo/HVARIMMrtn+AQDhFCh4MLDFNLxa4Pd7Qjvjg8bPYTXBw7xB4AgTeIMFaiGAjzGE7ymE/DawGWLQb1rG4EUVJ9yzH1GmdYHn0u+9RaD/44N1hEU1yWYOBGIckP+wLsug0rqN3IoJgPEUBYO6o7AJgYZNg2H4IobskWAiDoTjH94HNEAvlkA96cwRjrgxCsSNAuXxOALj8BD+3CAZmQlAYPMJudJDef2uXRcdrD55PhvBlKSPoH6Dk8bQA+M3f27nG4r3tD15NB/Fs1Ifl7SS8/iR0fN0/FcSb6QAs7hRmVo4ASh5QVG9BigfM+1iM/wjC5o6g3/gRis5u6PV6NMsUeGtywbYUhlxx6Cm6lBgaGcMVxRSYc3c/cwn+zSacQcyvxtHTq4darYbf78fy8jLMZjOUPWpotH1YXHQLntVqFTKXa2Rg8ipeendjKbIRTHCj4yY8bGqCY2EB7fIOiMViVFVVQaPRoLGxUaip19rWzlGI9H49Yehvyrs9FD5b9yl9RnKPNLfKBEDhE9OB6EIhTCYTHA4HLBYLBgcHcZ73LrWMxymguaWVZP3r3Nzcmurq6jAFlJaWjufn56eLioogkUgE0Zp6tEcBNJsFOMkv/ogupVIZNhgMIaPRCJ1OB6lUioaGBqGmHu3RDM1mAXJyck6IRKLTxcXFK5WVlfHa2tokL7asrOwGrwK+3qMe7dEMzf4FvOYAdxCFF/YAAAAASUVORK5CYII=",3
03165,Oyope,"data:image/png;base64,iVBORw0KGgoAAAANSUhEUgAAABAAAAAQCAYAAAAf8/9hAAAABGdBTUEAAK/INwWK6QAAABl0RVh0U29mdHdhcmUAQWRvYmUgSW1hZ2VSZWFkeXHJZTwAAAKbSURBVDjLfVPfS1NhGH7O2THJubmtWUZrYNGFzELRsggLFSUJqosuxaCiy7rsHwiJiDYvCykvC68qIiSsXVgU1NTIZkpZmgulnL82d35+ve+3TTCqb7zfe87O9zzv8/74FCEE/rcSicQ9y7K6TNPUyIO8NMMw2N9X/kUwNjZWQYA+n893trS0DDqB4DiQpwnj9/swOPgU2t/Ao6OjJxgcDAZ3ud1uTH+dA0d3HAFHOEQkYBOZruvQksmkbtv2FjJ5qCiTfTqd/lMyFhfTROSgvaNT/qcxOBQKY2lpWUYX/BOsUkjjF4qJgL8Cjx89RKS2Xkbnb1IBszL4al+CjilQFNrzm/RsqysruHHpoIw4kngNVrvz5Om8ApbKUfmgP7ANqqpCIVMLxs9MIJx8xNoDjfJZFGqgsgJ6JwIVLpdrk6kFz+v2yHl88PZj3j2Fu0sxmZZUYBbao6gKXJq2EV16ToE8r5xlIhSswZP3NzFjeaUKScAbF4RT4IjV28tk/l+yF2E6VH3HQjBiodK7DzVVTVjNZZD+/oYIM7IrkkAt5Mn2eTI/C+F6A+2Rc7Cp77Zjg0cotTyL/aGjWDPWcfnZMTSY3XmCkhIN1y/UyfaYpoVsVkf/lCHB335NkRKaD1Jj2iZW9FXU7W7GmpnF0PodaFTJW/H48+PFQSEf8Hg81Tk7B8u2sMMbJrAtyX4szyBQXoXE7EuMp5Komz+DTXeht7f3CpGcOtR0pDU23o2coVMNDMrXwN5gBIf3dODtzCsMTwyj/mcntuqeiQ2CWCxWSS1baGlpQ7nHQ6NsQ3OpRBrNRKPR8tpraqYx3FoWnxyaMxy0pXrEJ8ZtXCaSvkj2bmDgQUNx/gv34iN/zxoCLybjWHfQvNAjpou43xdyww7T9h6SAAAAAElFTkSuQmCC",5
9,Brainverse,"data:image/png;base64,iVBORw0KGgoAAAANSUhEUgAAABAAAAAQCAYAAAAf8/9hAAAABGdBTUEAAK/INwWK6QAAABl0RVh0U29mdHdhcmUAQWRvYmUgSW1hZ2VSZWFkeXHJZTwAAAJvSURBVDjLhZNdSJNhFMfPM9eW+3BjbGIKuik5toZCgYRIF/axEUbSRQUjiqigi7roIiiCrrwIwusKbybtJuquZLSBWcSaFU0slC0/arbC6PVjn+/Htv7PKKlwduDH/32ec55zzvPxskqlQpvZtUf7K2JJpJXCGuXkfPnBubm6zeJUVMMYUxSv+zwNdl2iYkmqFVY7AalLamIqqjAiheSacep/J25HBlazcoFaTd3V/OUyI4fFTbuH6zOZvCgmb5StWyao2yaZ3OZeajLtoeVMitYKAvXZj2FPOsPT2Ynif7ew8PlW92xunOaFCbLom8lqbKP48nNKrRupd/t968CVu11bJhi0F6+rl4ZoMveEZn6EaEZ4Rq9TyfXG7Cmysjz128sX/jrs6enpO4qi7AMky7IGtHs8HvZwbFwM2c5oVYKTLrcM08t4onCkf299JBLJS5L0SRRFgn5XYaFis9lcSObCxFWNRsOi0eirjh1m7YnVkZOnDTcpkUgcb7Pq6sPh8Iher9cVi8Uhp9PpQpJ2FovFOhhjH3O5XAsSCMAN0nA28krAge9FaDP0G7QJrGi12rQgCGOqnp6euWw2u44OviDgMBxvUeGgTqebgvoMBsM7qBf6AX6fyWTiesDhcPAtvGD8KYdgGJyFg3fQCf0KbYXO8w7AAh8DPm/DOQlgEbs/Wr0FVLj3RwdTvEJDQ8MbXtFsNvOOfBaLJY7xIeh7JPEiQRpMst8/0+joqAyHEUF2frrQTmgS7AQJBDvAEmhC5V3gYiAQ6Nt4iVigBgUE068r2gCLNuDXjUOnUqn0uPoOav3OW5nf79dwDQaD0k8mKaZoCMdoNAAAAABJRU5ErkJggg==",2
56,Meeveo,"data:image/png;base64,iVBORw0KGgoAAAANSUhEUgAAABAAAAAQCAYAAAAf8/9hAAAABGdBTUEAAK/INwWK6QAAABl0RVh0U29mdHdhcmUAQWRvYmUgSW1hZ2VSZWFkeXHJZTwAAAEzSURBVDjLxdOxasJAHAZwwbfKkjlbJVMpJaYmxtSoNVoSsCLlekQSjcZNRUFFIUNxD5nqY7Rr+wiuX89M3a62lA4f3PL97n/HXQ5A7jfJ/Rng+/1LSsn72UAQ+HlWJp5Hj4Q8gguE4VAIw0GWwSAQWPl1sZhjv39Gr/fAB4bDAJNJhCgaYTweYbNZIY5jrNcruM49HwiCPg6HF6RpiiRJsFwuQQhhYAS7WecD7KzY7bbwPA+UUnS7Xdi2zdZPqNVMPnC6qPl8Cl3XoSgKZFmGJEkwTYOlzAc6HRez2RSu66DRqKNQuIAoigy7hmGU+EC73USr1WDlajayZZkZoqoKm0rlA807S6jeVoRKRRPK5RtB14tvJ8hxbGhaEWc/JLZrXisVKcvxR8AX6Irl4/8+03fzCbreyRfHFw9qAAAAAElFTkSuQmCC",1
346,Yadel,"data:image/png;base64,iVBORw0KGgoAAAANSUhEUgAAABAAAAAQCAYAAAAf8/9hAAAABGdBTUEAAK/INwWK6QAAABl0RVh0U29mdHdhcmUAQWRvYmUgSW1hZ2VSZWFkeXHJZTwAAAEuSURBVDjLpZM9SgRBFIRr/EHXwGVFAxUPYmTgMTyEoblX2NwjGG9i5B0EMTIQFWTBaHTeqyqDHmdX0FlhHzSvO6n+qvp1ZRvL1AqWrLX5w93VuSXBJkhCKovMrpOJk4vr6lcBidg7PgVMWIYkWATEbv9wc/03AZkwiY/3J7i93STcEmxu7yOz6ReQCDFhFTExIRJWgox+gcwot2UUAmY5kzADzkBEL0Er0PUZReUGIhcRNAU5muI/E1JiZzjF4cEbHp+HyIx+C2otdPgqfTodoP5c/w9BgNn8sPD6sgFzFVu76ieIaGYhMtrwWiGVPRkLCLJkYJX0vyms8rQLMigWBqMj2IKZsFSWCbGM83xVtjGZTFzXNeL2spv3+fmf/QnCJu5HZwCA8XhcVct+5y9H3H2zjxE/HwAAAABJRU5ErkJggg==",3
4852,Meeveo,"data:image/png;base64,iVBORw0KGgoAAAANSUhEUgAAABAAAAAQCAYAAAAf8/9hAAAABGdBTUEAAK/INwWK6QAAABl0RVh0U29mdHdhcmUAQWRvYmUgSW1hZ2VSZWFkeXHJZTwAAANsSURBVDjLdZNrTNNnGMWb+M3wRaObc/plSxYToiZzc94quCGCVRfMnwYtUiyuUhUQKqtcCmhatAgEaKlcBNFSBYQ5lSIgQ0GFttRCL0BBoAVUVFKo/UtLBXJsiZp5+3CS98N7fjnnyfNQAFDeK1uf6nVGm5CSquS28VqPzMY0RcweVjDawmqC+QevZi6IvfJk4f//e/ThkalL8RFqTg7dHqhFo6UJiuEGdLzU4oq2HISMJo0pH+VwLpqHIgoHfD4DZHQlB1V0l+GOpRFl/VdxXMsH91Eqavr+xd5LO62MkuIfI0vN1tLWcXAvD4IQ6YI+AESdyYtPq0+QzcPNEBklYKmjEa6KxvmeUkhbxNgh3cZhXxiSZteOQWEgUXDnBWhpHeR23sPF8wB3X4Gi/xaKTJfBVEchpI2NeE0aZFoZ/MU+naxC489h4r7Zmzo7shrGUaWy4fgFE6hRTYJ5QHxLZGe9uRFRmkTsc5vZyjjI+isQVREJavpvWw7kme5nK56hWmODpPIaTPIQPL4hRFeJP3T53mGUo/XhrhuWOsRokiDS56Gyrwbn6kXYJPi1hJHbS3f3dVQqJ1FcXYaxZh5s+lqAfIpJfTXaMwOeU8Kv023K52pc67sOyd08+GZtsm48/UtKfeypJbnx5cvcffU1dXKMG9PgGr2JsXvn4DD8g1nLAxgusp0Uunx3p/hujqfvS5+MDXGKWGLlNJOZ5AymW6doe1bzMnLMViMfc44HcAweg9U9p15ZBJTSgzPqvKCfKLuK/Lh+uVS2IZ71vYv9V9Z0aChJpiTjdcg+jGZ6cyYMCZhztmNqgAnnCAP2nkTo82kgGAnF80Oc+fvEojfHjha6WCzXa6EAkxUyWOVlGGRuwVgH7505DM7h/XhlTEK3JBB+BH/qO9+MpfOAN0c4S92RSXthPiaq5Hh2Kgn94mj0KuLcsVvhNEdgeuQAbO4kPZIA+IcWYNnWs8RHm+jYSxAki4WJVD406Wx01yVCdzsHT1TBmDIzYO06iUc5NKzfnTbyLTU94Iu3YN/su/3Vug1DVaI/ALsFpiICzYnL8bAgELX8za4/6dzz31CFXl89Jo8mVq3xEhzynnO1S+BS5UIl3IaqQyvIhoQ1az81fhHgUTB1kfMMc9XMf2cDZ5qyfm+5xVv9w9fMHr0Fh4yy26byoRwAAAAASUVORK5CYII=",2
64578,Rhynoodle,"data:image/png;base64,iVBORw0KGgoAAAANSUhEUgAAABAAAAAQCAYAAAAf8/9hAAAABGdBTUEAAK/INwWK6QAAABl0RVh0U29mdHdhcmUAQWRvYmUgSW1hZ2VSZWFkeXHJZTwAAALzSURBVDjLdZPdT5JhGMaZf4Bbh3ZaBzn/gU46MM1iNrf8WExNVyz1IDUOHCFpfq4PmmZmtTTT8GMJNGAO0hgi8a0oIBAGfoS4N12gmUpmL1fPy9LGpu/27N2zPdfvvu7rfh4WANZRa2pqims2mycMBsME+bjHnUvYOJ3O1JmZmWQiTiLi9dXVVYRCIUil0nWVSpWkVCqTZTJZ6pEAIu4mYtpms1EmkylFr9dTi4uLWFhYABFSCoUihYCo4eFhWiwWdycAHA6HMBAIIBwOw+/3g4i3tVptzOv1wu12Qy6Xx4h4mzgDRVFQq9UQiUTCQwCpWkd6jTEQRjA/Px8HHQCYvcvlAgOwWCwQCAQxHo9Xl9CC0WhsZQ5PT0/DarVifHwcPT096O/vZxyBtAXbx6fwDXLgV7TC8ToLzq60EhYh2kn1FZ1OF/H5fLDb7dBoNGhqajLx+fzM+vr6zPb2dtPMxCNQWj42XaPAz1VsuKTQiy7/ZhExvba2FrfLVCZBYnBwEC0tLZkH7qzS7Kbv7nvYW1GC0omwO/cef5YNxEUZWGTGdDAYjPfI2GQckMTR2dkZB4TUpy9F3Hdj9K4Buwu3ELZV4rOYC9ebMvAqSmkWGYmdWFzp6+uLzM7OxiFMDr29vabJoSu1kTkB6KgZO4FSRINF2PLWwtOVQd/m5n/Ly8uzH4ZIxtRKgsTk5CSYv17+GNQU/5+4BNGvhfjhFmL++UW01XB6E+6BRCKpGxoaink8nrjYMNoB71gN6F09oktc/ApewyZx8oWI7Z/GUFVVFSsvL/8/xoGBASGTPHPz3rbx4FHVwql+gpC1ADtLRQg77sDZcSEmE7+IZ9XQ0IDc3Fxhwj1obGzsrq6upkceZgBby/C9yoe29iSML9n4cO8sLRGcT+dwOFROTg7NZrO7j3xMBJDafDNtf8/8DHvWDlhb0zFScQqV13MjhYWFScXFxckEkHrsa2RWwbkT0fulZ/Y1D9j0u+asjRtXsy3E7rHP+S+qJels2qSd5wAAAABJRU5ErkJggg==",2
4974,Bluejam,"data:image/png;base64,iVBORw0KGgoAAAANSUhEUgAAABAAAAAQCAYAAAAf8/9hAAAABGdBTUEAAK/INwWK6QAAABl0RVh0U29mdHdhcmUAQWRvYmUgSW1hZ2VSZWFkeXHJZTwAAAKnSURBVDjLjY9NbFRlGIWf+zfToTMFWjKUQrTlJyk1FBYYlI0KkuimceHKsGGhG2JcGKNxRySBmBj3JG5YGMJKF5poNRAbfxJDCy1UsJZGbaCddmY6c+femXvv970va9ox8SRnd/LkPI6qsjnp7PBBFb2pyqCKeCokKjqPcKH3xeWvnxqr6pa2Z54Js8dXVeM51davqo1JzVavanNq6K/NW58uUStFf8dx6DwCU4esjpsvIUYObN52BYgFSZZxsg3QDra9BImLNVt1/+OBYpu3yFa/Q5IWEjcIBk4gBv7nA8HN7yXoO4wmK0iwDVHBGtkKSGae7VPReRUZVMFTq4mjDib8A1ObQzstbBxS2D/eXUGsfOyXP9gb7J4A7YCN8lm0SPzgAoVdJ9GeFbx8HdRgM7oB9EO//DqYJtgm2BZ+oUwWVfHcebQdYqOQwCljsy4K1gASoaYFmiLJGqRtjBFy2w+iPRVsvsbNapEbG6dofv6GhnEj3GjVPv320p2LvhjBRgvYjWkkXUWTf/H69mNTJandR+OIH1Z7udvr8/JLr7Cv/xA37n1V+u3u1CdnPxo87tpMcYIBvMIIfu8ofvEYqMVkSn7nIXL9e/hmpcSx0aNY13J0zxmsk/HCkZP8HbkTrjWC47qYeAHTnMU0b+MXn8OkShatk1YrVMIagVNk4vC7ALx/+goHyuNkiuPajOvt9RmC0hh+aYyg/wRx9SFevh+7bYie0VcJwzXuPfqFy5PnALj8/TkWK7N4DtZ7783CPjfX95rbU8TxHbK0Rrj2J+Hywo+Nf+7Xqw+md7Uhmq5X88O7h1mPl2lEFX6+M8VQO/7JeXhtYEQM74iVM9ZyRAxzYnVSLFfGz9eXAJa+2Dny2WLuy9mW93wqeDkHO1Ywv7+9o/PWEyzemnF7ZfggAAAAAElFTkSuQmCC",3
577,Linkbuzz,"data:image/png;base64,iVBORw0KGgoAAAANSUhEUgAAABAAAAAQCAYAAAAf8/9hAAAABGdBTUEAAK/INwWK6QAAABl0RVh0U29mdHdhcmUAQWRvYmUgSW1hZ2VSZWFkeXHJZTwAAAKASURBVDjLjZJfaFJRHMf3sOhlSG8RvfbQS0G9RNBLPRUEPfQQPQQrVkH1VC/BegkEL1O7ouhwORS1beI2///Z9TKk2EMEM3QqTkQKdU5S58VhE9q33zmkrRhjB36ce889n+/5/r73jAAYOaoikYgqGAxKfr9fWFpaGv3/+3HghM/n6y4uLioej0eYm5sbPZZAOBxWBQIBBu/W63V0u10QvOdyuQSHw3HySIEBvLy8vFur1UDPoBagKArsdvsvm80WslqtJw4VCIVCKtosD2AGzs/Pg9pBu93mTghWLBaLYDKZRg+FKazdarUKss9sgxxhvViFGMnC/+UbzGbzvtFoTIqieGoIU1gqAmQKi8PkAG63GySKZrMJ80oeE+8/45VrHd8rNRCs6HS6a4fC5AAUFu+90WggmUziR7OFSU8Kno95BOVP0Gq1fUEQbnABOk32er397e1tkAicTifvncEkjtXVVZTLZWQLJXwIyAzeI/jyMESCpYWFhf1KpYJisQhJkjjMHESjUZRKJbgiVry0PMCTd3dwX329e+v1xTdDAUpZSafT2NnZwebmJgqFAnfAks/lcrD5DHjrfYjwhhlfaxLExDPcEy/gyvMzOi5AYW2tra0hFouh1Wohn89zkWw2i1QqhXHhJgIZAwI5I9jQyY8hyk+ZQI8L0M06PTs7208kEvzXsdQ7nQ4ymQxkWcbtyUuIbthwcATTZibw9w7MzMyMTU9PN1jP7BeyvuPxOCis3tUXZ39qpUfQSOMc1qyM/+tgUHSzxgwGwxbrnwWo0Wh6arX6HG1U39Wdh16a4Cezmb0PMzhYer1+bGpqaotghcGDddosUCnM9p9ZYOu/ASUg4G4xOdG6AAAAAElFTkSuQmCC",1
698,Jatri,"data:image/png;base64,iVBORw0KGgoAAAANSUhEUgAAABAAAAAQCAYAAAAf8/9hAAAABGdBTUEAAK/INwWK6QAAABl0RVh0U29mdHdhcmUAQWRvYmUgSW1hZ2VSZWFkeXHJZTwAAAI9SURBVDjLpVNLSJRhFD2f/+QThVHKJ41Ti0pblCAKrtJQ7LGT0E21CUEisFUtioIeIEGLICkwahUtooW4aAQTcahNBWE1gWOY4yQIio8c5/vuo8X8jYuCBO/mfmdxD+ee+x2jqthJ5WCHFYg97U8wc7UIg5nA7EDkQGSz3TkLIhs5dWu84y8CZq7e09IJVYayQIUgwlAmKDsIE5QJH4aftP9TAZGDCCG9koQyQchB2GU6WQhZ5JVU4lHxAAZvvlEmBhMzOeqbvHfycYDIorzu9H935fExXO9pAIsisbjuPXj5/i6ADMG1kRnEkmtgKyDLYMugNGfxwaoikCNYUtSHgjgaDuL+83elABBwLo3e3ZPYyJn1JTuwL/0PLiwL4UKiESUFBrMLyzhQE4SzDlkCcRZsU/6gyw4K2YyR5OCsgyPBl8Q6Upa3CKzdBJNFbnF5xnHynRfyL8BQcji29hru9lWEk3HY0gq0ppsAnIM5c/yIqgpEBKoC9buoZrAqmosFnfWVqGvrQl64HqlPEUxNjGLl29dLOS9GP5qppPse3N+MqsOtiC2aVKihEyW1TZheyh0bjsZNI8/NHGrrQn58HOZZDwpnXmFfbRnUaH/Av9LZaDQ6ACAFYCgSiVz0330A4IkJ51eEgROXtz7QjUp4YmrNdsIUaQ/MtXSfryn6MYJ0agEbANZWPcTimN9WmApLy4c+v52gn5sFWPV2YXnJYHresAIPzXbjHO3ee+XXUrLXYxNiT+cVGOyI0J3frMiI4RHtXVwAAAAASUVORK5CYII=",3
90873,Riffpedia,"data:image/png;base64,iVBORw0KGgoAAAANSUhEUgAAABAAAAAQCAYAAAAf8/9hAAAABGdBTUEAAK/INwWK6QAAABl0RVh0U29mdHdhcmUAQWRvYmUgSW1hZ2VSZWFkeXHJZTwAAANLSURBVDjLVZBrTFN3GMZPlpgli/Gb8ZNftkRE42VsWYxuJsZFzZKZmPjBDYzhw7ZothgciMplRWe4WMGQrRNEwMJA24rSFjBLa8uhVDqGba1QaksrlFvphV44pxekz95TtdGT/M755/2/z/Oe92EAMCt9zAeEiLAS/xIfCvV3odqmN/cmIudtnVnuYdYRdSuj+bOpgA6R0QKfSfmtoViT0hPBN+hHlMfYqPl0gJ8oD1K/idicMfB1M2UR08m55GIf/E8Kl/+T7Y3VGAL4Y9SH25aFDMK5nnXDIsvjwrYqLmb5dYl0Y8Q6xtvOVESt5cHFocJlY+fe1cYnM7hnnUcX+xKSnnE0ysfRrnWjyzyL1kEd7MrDa7xX/mrxYa6DtDnMVBPz1WTzR47hlp1cnc6NbtMMenQeuLwRBCIx+CMrcMxE0PGPC61DHtzrFcPatScx0bzhKWlzMkEU31ZdK71vQ7PBAxlNE55QOIwXcwuI01kglgZuql2Q6J2olLE402a8mslAeOU3jelLFDbcHHBggiZzq2nEOA5/trbBR0aBuWHYNEUw2L2olj2D0CtosgbHb7DBoq6nqP3bCh+fQiixhiRdXBRVofuBAmO9pxB0ymG3tOOcxAShV9BkDY5WDwR/bDFB1GbGTCxFJmvwhqP4XXwdd5t/ht/eidUVFyZUBbgi6YHQK2iyBkcqFfoTDTpUdYxh0BnGPC3tjaageayEnUQJvxqJ+XqEpvrQLz2L7xu0EDRZgwMld0TfiB7i7C0jamQO+CmwUDINz8h1BBwKJLyXwdZ8hlRQAXPrQZTUiiFosgb7fpF8TowfqlChqIlFrWwSFrMeHm0ZkktS8K5CsNWfIj5dirC7H/0NhxPfFV/enzUQ+OIH8U+nazq4ry88QKH4ETQtBVim4OIvi8G9OPEa50la5QamBxsxXJdX+Z6B0Wg8YLPZoNWxry5UlmCarUdy8a/MdM6ZTyvkZb68+wz4hV6wV3b4Bqu2b8uI1Wr1RiLmdDqhVKmC+vovo3xgCsmQFoklymBJ/g73sRp7jtmRTjwu2yLPGEil0vXEJJEkttPvBQzVu/mhq7t4msTTJF7/Wy6vq9ga15ZvS2su5aa1pZ/ENec/HvofoDruXRuQqRYAAAAASUVORK5CYII=",1
3094,Zoomlounge,"data:image/png;base64,iVBORw0KGgoAAAANSUhEUgAAABAAAAAQCAYAAAAf8/9hAAAABGdBTUEAAK/INwWK6QAAABl0RVh0U29mdHdhcmUAQWRvYmUgSW1hZ2VSZWFkeXHJZTwAAAMUSURBVDjLbZNLaFx1HIW/O5ln6jSZJE3SJE1L+pym1aSbirXoogah1KZUIYISRerCot34orjTBsQigt2I+EAEFwouRBMogdgniUmkIMZMpulMY2eaSdqYed659/5/PxelXWjO+vBtvnMsVWWtzP78TDciH6hoVEXeih8b/n2tnvVfQGL4aLOKvqEiJxu3Hqs3lWXupkaLKvqZGvl4z8BoZk3A3Eh/QFVfUpG3o+1921riz+ITQzE7SSBUQy45xj9/T6VV5KyKfNEzeKnyAJAY6e9D9L1QrOdgy67jhGPbQR28lTlujJ1h0+4D+Go3Uy0tsZicorA0M67GnNl3Yvwna3b46FeIDDZtG7DCDXuxC8usLs1gnCJuKUvIqtLauRPsFWoe6sQXjpLPJlhMTlFeSX/nVyMv7Dh0znILyxSzY4iTJ1ReopzPkl+4xb6BTwlE1kEphZaSWPkEjW0PU9cA07/MP+dXkZJi1QXDIaINnVSW/qQ2Vk99LEKEMtg3wQTBvgWVBcq3xymmrhDechw1UvKrCAhgBQnUbScQimLnJpFijkANWOXr4FPemfiBlWqV97e0QDCEuh4qgk+NcM+DAa2Cfx3h5l6CDXHC0Vrk9nlW0z9iey4dTXFOzaaQso04HmoMfjXmnlA1IC5IGbTKmxPfg7o44uJ4HhtjO4i37qdgl3h5fpxvmx5HjeBXkYgvEAAi4N0BqYLYeOLwVPcgRgUjBkHJrC6wt+MARafCkYtDfCTtYb8auTB/4ZNDbbueJhLrAM2AcxfbczAqpO/M4YqHJy6ucclXC/RsOkjRLXPixuWgT4w5XFi49OpfI6eT6YlvMAQhuhPbs/GMR8v6TlrXb2ZjXReBmggbou1ML1zm2vWri4elfsODKU9/vr9ZRU6pkdfaHumvf/2Pr7EdB0ccbM+hq3E3j3b1MXnzCr8mzs+UPe3NDGn1f2f67Vxvtxo5rSLPb33iFauSS5GZucbJ0sXqns4nQ2OJ0SlHeCwzpM6ab7yfq2e7+1TkXUSCKvLhi3bySyM1TRUxgdyQevd7/wI8lcwGoqfWawAAAABJRU5ErkJggg==",5
96125,Chatterpoint,"data:image/png;base64,iVBORw0KGgoAAAANSUhEUgAAABAAAAAQCAYAAAAf8/9hAAAABGdBTUEAAK/INwWK6QAAABl0RVh0U29mdHdhcmUAQWRvYmUgSW1hZ2VSZWFkeXHJZTwAAAIiSURBVDjLjZM9i1pBFIbfuSqu+AFJY+PFNCkkQYSQLAprm8r/kGYhprNYG9MErNIFFPR3pIqQJpWk0iYqKnHXqKhcvz9Xr5MzE6+6sAQHDkfvzPvMOe/MMM45xGCMeSi5KUz4/+hR3JFuJ/8JwB7yarVajTabjb7dbvljQfM8lUp9obXPKBSpOwG8EeLZbMbn8/khxuMxHw6HvNvtSkin0+HpdPoAMcRMAMSC5XLJ1+u1zCKm0ykfjUa81+tJwGKx4GKTbDYrISyRSHymHzeGF0ZFIqgiJJNJxONxUPnIZDIPzDCbzZcKUW8ikQh8Ph9UVUWhUMCn9y/x8e1PlEolxGIxOJ1OOBwORKNRDAYDUDVHiN1uR7FYRCAQgMvlQigUwvdfLeTzV7i+DoB8QLPZhNVqRblchsVigcl0PCizoPv9fny9fYrcnUK2WHHlVhF4riGXyyEYDKJSqcDj8YA8EWUbvsmhCLLNZsO3hoIRLjBmF/ihOeQuk8lE9i6EZCyoXfldQA4AchXkNHYSysXpgpu57FPMPQZQFOUI0DQN9Xodl080ONhKxgvcolqtSpEhFidycmeOHvT7femsqv7BOzJRVNNoNPC71YLb7ZZzXq9XViMgp7tLQLvdTlOZH2q1GjPO/v7+Xmbh/um9CIfD4s08AEgR+/f1NfWY39/Kc8aOzAwq+9snGtvpur4U+RwxrV1Q1tnJc1b3z1k5swJdPO2/GZyOpOSiQJ4AAAAASUVORK5CYII=",3
3,Layo,"data:image/png;base64,iVBORw0KGgoAAAANSUhEUgAAABAAAAAQCAYAAAAf8/9hAAAABGdBTUEAAK/INwWK6QAAABl0RVh0U29mdHdhcmUAQWRvYmUgSW1hZ2VSZWFkeXHJZTwAAAJ/SURBVDjLbVJBaxNBGH2bpEkTmxi1NTRKTZtoQUHEWz0Igj2I4kG9eVNQhEBO7bEHc+yv8JAiHnr2B4gFqVrQRhObljQolBSTJqZJdnZmfbNr2rU68DEz33zfm/fejGHbNrxjaWlpRCk1J6WcYZxkgPGTsWJZ1mIul/vlrTe8AIVC4Qqbl5PJ5GQsFoPP5wP36PV6qNfr2OIg0L35+fm1fwDYPMLDj+l0OmOaJmq1Gjqdjr4dgUAAiUTCqSsWixvMXV5YWOjqvW+AxOSz8fHxjBAC5XJ5s91up7gO6tDrUqn0QwOTXYZSsoO+wGDB5EwkEkGlUgGb7mSz2apHajWfz9+sVqvFVCrl1P4PYExr5m16vYUjQ+c0O11DtmN/ebD95pG9UpnGzl7Y0Xz30ir8toAtLdiWG0JIvFi76piaGG7g9plVTD/5YLgMCPLg/g0YtMTwhznfApRBfsP6kAYJSKuN57Md5oXTsvHy7aEEfZMutHZfIRAahWGMsHAICMeZVsD+HmTrG8zudyhrH+HJLGyz7wEgRSh9k4nm+nvqPIb4xWuovV5k/2lMXJ9F8+s6ARqIpk6QsIQtTC+AcGTYpBqfvgBfcJTuKMi+xKfdMCZgIp6eRK8TYu2+w2oA4PwDm+5qVK218XmNLN7xxILqKfS7pGqTWekLmuVtV65STs8hA73RqJQQP5+CP3KKACamHj7FlGBDawfH00kEW0MuA8o9AmA6qMrSHqwTIAoM08hAkHkN0ES3UYfotBGdiNFu5cr2AmgJobOPET7nhxEMuU/o40soSjO7iHbbVNgnUen6pY0/AOCTbC7PuV44H0f8Cetg5g9zP5aU7loDcfwGcrKyzYdvwUUAAAAASUVORK5CYII=",4
8,Browsedrive,"data:image/png;base64,iVBORw0KGgoAAAANSUhEUgAAABAAAAAQCAYAAAAf8/9hAAAABGdBTUEAAK/INwWK6QAAABl0RVh0U29mdHdhcmUAQWRvYmUgSW1hZ2VSZWFkeXHJZTwAAALNSURBVDjLbZJtSFNxFIdvzKSBIfWlKCqMygiMoj5UhItR9CKaHxSNIqhMtIhsZSsrtbISZTE0nbP0w2Yh03xhmK2WKd3EmGV+KIJKiCTIoBesmXXd07mIlS8XDhf+/J/fec65VwGUcdVRGS1lo83RTUeZht+u4SvupvWSjYbc6In3J8IWAYM8qYXeZikvPG+Cx25oL4P67CCeLMvkgI7KcNqdrXTVwLN6ueyAO4VIV2g6Bw1WaM6FtqvQmAPXd7fiSA7/F9DmsPNEYD3AV6wJaBZd499ONw8bcR00U71Xo17C3Jlg32EbDWgri+FhiUbXLel4RaMpfxGNZyJEt0B0O6nJ7MS1v4CKXRE4kxZRGq/hkSmKTBqFG1Yo3LfZUatFz67rmmm0zqfO0kfLRajNgluH5H0MKhL7KNk+n2KzWULgxh4oWG1TRPcVnTWjs9WfMIpuHd7ziK6HylQT1xJNouvBnS5dY+soWm/kwhrEDHKiXyiiO0ynbNmTpR8aRDeIOwPRNQUCgQRVVVeIronSOLi4Nkj+SgNnlsPNIxKw+KsiusOoVbKYg/p2jVSk6LoD1B7dKPBvv9//i/KkbaL7jrwYsC41krNkdLSzUYOKbPc1t7MR3aDohoturL5dgd0898Gbe3g8HpeauvBUR0LkB785LNQeF671ZSzQA2SEil1HRTddFhM59tkEni2dB71eb0jgkPfcvm+9x9cND7XYCL28y49aC4HDMSM9yTOrlUm/spTA5QJrfOqBjwFads4hKDAlsn3rLLgcxaeiTfg2G/qmglcJPKJ3drlcqtPpVP3m6YSeNvD/8yVvLvo4kwIE9gs8JPCNsbOWHTN/fK86AAL9PKnwWepdhgHfFkP/RDhO4H6Bz/5//ihlXn5X2rKRD9YoBk5P523aNB7Eh2l3txhyxgUIXClwwlR7UVMWnLqzdcZHXVs6v9dh/fwPHS3E3E4GyQ4AAAAASUVORK5CYII=",2
4872,Trudeo,"data:image/png;base64,iVBORw0KGgoAAAANSUhEUgAAABAAAAAQCAYAAAAf8/9hAAAABGdBTUEAAK/INwWK6QAAABl0RVh0U29mdHdhcmUAQWRvYmUgSW1hZ2VSZWFkeXHJZTwAAAJASURBVDjLhZLNa9NwGMe/WRKXpp19L6WrdVsZHgq9aBF2cFDRDi8WxJPssqMXDx4H+xuGFDz1YC+eBvUgnWDc0FqoL+CmHlylthurdWqG7bY0zUvtL5CSxYOBh+f5/fJ8P89LQg0GA9ifu68XMzOB8INJ/kL8WKGwf/y5WW817z/KrBXtuZQdMBRfuz5z+emcb4E97LvwtXsG3aMOfiiP1Y0Pwu3ineenIGN24nm//+GsN8U2dQ3bf4BnByJe0luIhsKM1+Fatecz9ovZs9NT7+QaPFoKG3sStOgOPrFPQP92YtoTif4XoOkyTmTgTUvHN5EBdxKFo7sEyr2Jnlr7Z1+jEarVqlCpVAa7P0U6pEg4kmqgxjgcfPdAP9xDnAPqu7/oQqEwyOfzwinAUDzvcDjSyWQSVzxZ7Oy/RSZE45JXw9w5BTeTW/jSfo+l1D1ks1kEAoF0LpdLj0ZQVXXF5/Oh3W4jPD6Ji+O3UNxeg6q9AsP28bHVwo2pRfBdHo1GA/F4HPV6fXkofUGVy+V5nuc3Y7EYOp0O+v3+yIZgkM9MURRomgbLspiYmIDT6YQgCAR2lVEUZSUYDGLojSSO4wwz/w/irbGu6+j1ekgkEqjVassMqSJJEkRRhCzLoyRN0wxvns07cmYYBm632+iQANKkMmnZTLAL7GfiXS4X6TpNRjBIxMyq1sp2iPnO1DGm0BTbIfZRzJ2Q2AAQkt/vH1WyJpjLI7F1ocQikcgIsF4qlRbMlqwjWWPrmJau1/8CtF7RM3ksOU0AAAAASUVORK5CYII=",3
357,Vipe,"data:image/png;base64,iVBORw0KGgoAAAANSUhEUgAAABAAAAAQCAYAAAAf8/9hAAAABGdBTUEAAK/INwWK6QAAABl0RVh0U29mdHdhcmUAQWRvYmUgSW1hZ2VSZWFkeXHJZTwAAAJSSURBVDjLnZPPaxNBFMe/s0mTVJuWtI21JFhB60UUKmJB8aJo8WBBRREEb179Azx7EepBvVjBmygeKpaCYIV6EhHxJBTspRRj1Cpq22R/zMzO+J1JA8VLpcMub3ZmPu9935u3wlqLrYyxhycuKq0ng/85fHXmUvXy1LljG+Bxwk8qA4MlsZkCwnulVPullM+k0mNKqQLh5zvLOzJLtdrapgoIlwhPVcuVgPAs4emhStXD3D4kbsw+8hKMNTCpQWr40qpUQ8kUiVIIdQ22cwE9xSIaYYjP9WUEyVFo1YlsbuU0Roc7N8S00MbSSctqWqUtFlff4fXSBKwROLPrLnJiAA/mviPbxlZDzehYhwykB42HJa3VBzDSfcuv//hdQm+XQdTQLQeGhTx1sIjp938wfrgH+Y7ACeFjMV+L8ebTGs4f6cfTt8CF0T5MzHxBoUPARIqpaO0j5bOC+RoP33+1DCGA2zNfUe3rwL7BPCq9OWzPBdhdzqMZp4h41jSpoJloxM4BPV453odsIODW3PU2khSsKWvU5QQhJtQgHPriBrDNFEEjskgk8+F758U3n28YGw+4SCkdfVwKsVAPCaVwbRPRQawsTCIRrEQSMWG30YoMRtbr306Bxb2Xdfxc015B97YMJq8NQ3FuEwtx8ua8PTtSQu1XAsnFhAoS1aq8m0t/E63bUL4/Wtc71J/H3ONFZFfp2UkqFjKQrENBCag8D2laHUAZ6yHXXPTjG82pa/8BYs/1DzaOKNnnxE3p5k5eyj6mJei/qcBX9J8htvo7t8dfFzerp+lA/ogAAAAASUVORK5CYII=",3
3400,Jabbercube,"data:image/png;base64,iVBORw0KGgoAAAANSUhEUgAAABAAAAAQCAYAAAAf8/9hAAAABGdBTUEAAK/INwWK6QAAABl0RVh0U29mdHdhcmUAQWRvYmUgSW1hZ2VSZWFkeXHJZTwAAAGMSURBVDjLY/j//z8DJZiggtx9Sasyd8Yxk21Axo7YSymbow4QZUDJ8QyHoiNpB/IPJP/P3pPwP3177P+mQ5X/6/aV/o9cFrATrwHFxzIcCg+nnplzacr/TbdW/19/c8X/tTeW/l91bdH/5Vfn/y/ZkvPfb7rbHZwGFBxKnTn9fN//jTdX/W8+XPU/cX34/5iVQf8rtuf/L9mc/d9nqutuvC7I2Zv4AOjf/0D//o9fG3YIJh4wy+OS9xTnQ2699kyO7VacRAUi0L/wUPea5LTGtceW9FgA+ncNyekgfJEfZ9AcTyagfw+59ztcgolbVBsdMi7V/a+Xr/lfK0v1AV4XAP27O2tl0v/UJbH/rRtM/5tVGf6PmB74v/dE0//khdH/VVMUZ+I0AOjflxnLE/5PP9v7f8rprv8TT7X/7zvZ8r/nRON/kLhKssIZxXhZB7wusGu22Bk3N+x/1Mzg//qFWv+1s9X+q6cp/1dOUjigEIeqGWcgAv17AOjfS2RnJt08DWbNTNVVVMmNhDAANau2t3wToKQAAAAASUVORK5CYII=",1
65212,Vinder,"data:image/png;base64,iVBORw0KGgoAAAANSUhEUgAAABAAAAAQCAYAAAAf8/9hAAAABGdBTUEAAK/INwWK6QAAABl0RVh0U29mdHdhcmUAQWRvYmUgSW1hZ2VSZWFkeXHJZTwAAAKzSURBVBgZBcFNbJNlAADg53v7tdR1o4vup/yk20IQxqZsLIskCsaTGi7sYDzIzYtctDEkXkwWEhOvix4kRG8eOKkh/iUmDgJiREVh6PidcRnb2Ngcg3Xr1671eaLKm1ozRaNiJQABAQABAFDDrLFk2sk4UzRq90slnUOk0oSYKCJERIEQESKkiBChscnsr6XMt2fFYiWdQ1RSFIZJYeFvHlwhBFIBgRSiQKNBcxsdB+g4W4pBKk3IMjgCGKG6xu0fuPMNm48R0Wgg4r95sk9RJ6gjiinPMfElUxdZWySdY99RXv2I7QcBEdUqG1VqCQmxgBBRnuP654SIONA2wMAx8kWee4crp61NfWWmmpfKD1ibOq+4pVUsIKAwzOESK9PMXmF6nB/fY+g4xcPK2woePXxWoe2QfM+glX/2uPugJlaHFBHSOdp7ae9l3wgXP+D3U8orl1XSZU/uft7y3UmZKNGytSDb1iMWEGH5Kt+9TUc/e0fItfPC+zbG31JJPZTvfkVl7oxMU+TfP2+oV6p2/fSFWEAINALrC0yPM3eZZ44pZ6ls3ym/64iNe6eETE26uUvu0TVtTbtlVx+L1SEi1eDgCdLNTJ83f+5D+gZ19B+1ce8TIV2TrPZYunTVtnKrbC4mIYDQoL2f7cO095qvNax09uvoOyKZ/1Qq01BZ7bJ44Tc7Xz8t2zVErUFCACLWF6mW3bp0xvLyjETR3MTH6jasLe+wNP6z4o4XpbduI/MEm5vUiCVo1LDJ9++6OnnHa8c/c/PMCbcuXLKluF9YmjKwUpNePMeNa9Q2ackRCGaMmf2F5jbynW7fvS/562s9+w/J5fa4/8ekvs6nZfsO0N1DazMtOaYmyBiLKi9rzRSMKiip88blVvu7Ow3v7bE1WdB787qm9YQENSSIkTG2Mevk/++B+Jm41JzeAAAAAElFTkSuQmCC",1
4747,Tazz,"data:image/png;base64,iVBORw0KGgoAAAANSUhEUgAAABAAAAAQCAYAAAAf8/9hAAAABGdBTUEAAK/INwWK6QAAABl0RVh0U29mdHdhcmUAQWRvYmUgSW1hZ2VSZWFkeXHJZTwAAALZSURBVDjLpVM9TFNRFP7eT/9SUktLW6hQEqkUCMVABycUm+DmwGoEw+DQDSZWGdSQGJJqGBic2GXQgWjUmuBoTLSmKTWVHymlBQqlpfT3ec4lEJx9ybn3vZfznfud73xX0jQN//OovCwuLj45PT0NVqtVU71el8rlsq5UKul5bzQaksFgqNhstrczMzNTnD8+Ph6g7ffS0tKBtLCwcEVRlMPBwUEwGwKIiH17j4l711FJvsKLjz2wuHqxtpZ4mMvlXhLYQsHUbypdXV3R/v5+m8vlwtbWFtLpNPb29uD29CDyNYv48RBuBIYhSRJ2dnbGZFk2GI1GqKoq5fP5Wyqd6rVYLIhGo3A6nfD7/aBWQK3A4XAgFothdXUVdrsdwWAQu7u7ODw8FDnxeNyncmImk0FLSwuqZg+efyihWJPQIH4GSYfb7ddgOz4m+mtglgxMJBJoa2sTrcq8FItFdHR04M2PCsqaDKOOQi+jLuvw+Y9ZAPf39wW4UqmABL5gqXIBUltEoa4noAJVJoVIIomWiqYHTUgEgzmP33kXDLjKeVV+NK1xBqYiMoUiSzg5ORE5lxmcF7hgQIpCr5koQYKS+wm3vI2rLjt+pdLI6DRBd3NzEx6PB4FAQEyLscrAwMDjpqYmoWy7zYjk9y8Yaq1g4sF9uN1uOO1WVhsmkwmTk5OgsYvpMJtkMgmVTz86OhLjqVOip7kZw8EJzM7OCl+w2jxaZjA/P49UKgWr1YpQKHRWgE6eWl9ff0Z0DHq9Xh4dHRVa8PzZmdPT02imooVCAdlsFuFwGBsbGzxlmf431JWVlTB9cIDaCZHbntKrlbz/jmx7Z25uTmc2m0VRHjfZvtrd3f2JPu9Sbl66fBv7+vp6vV7v65GRkVbyRYPsauPW2ER0odDZ2Sk8UavVDqg9ORKJpP8p4PP5FOrZTycuk4AOAilMle7GI9q3ya3LtOtItzppkSVGY38B11WimHp9JJ8AAAAASUVORK5CYII=",3
31,Dabjam,"data:image/png;base64,iVBORw0KGgoAAAANSUhEUgAAABAAAAAQCAYAAAAf8/9hAAAABGdBTUEAAK/INwWK6QAAABl0RVh0U29mdHdhcmUAQWRvYmUgSW1hZ2VSZWFkeXHJZTwAAAIsSURBVDjLpZPNbhJRFMf/w9fwNUiVlZWPncSmqemm7FjZaGJcsdCkS17AJ8AH6BvU6BKfgFIXLqArTQngSoPUDSGEhAUCLQN3xnPOMLSJGBdOcnK45J7f+Z//vVezbRv/8/luLxqNxvvlcnm0WCx8lEFZwjRNzh8KhcKrjYBWq3WHCt7G4/GCrocxpyJYFkQbKdzaiuPs7PQlrf4ENJvNp1ycSCS2I5EILn/2wN0ty4ZlWwSyoQg2n883j0CbT1OplCyurq6xoOKvrQsCWOt4cvhMxtgI4BkDgQDG47HTWSk82nks3e1Vdzb6rwqYrKiIN/GBsPRW8wtlJd35ixl5JJNJVKvVIf0XpP0/KH+kfCIKHK9sATFgZ3dfuosH9gJGNIx8Po9oNJrweDyYTqd7g8Fgr91uv/C4szkKWDJBlDP70LjEtZoik8lA1/W1bB6ZFVHDhwJYF6sb4xj07tsJzKUp3vR6PQyHQ/T7fVBnuR+s2MPmuLeRJcvxWU5+fe8NQlpYOrJ0PubRaIRgMIhYLCYAMZE3eL1eZ27FrhOAVdEathK4O6rrGX+sjBV8rtfrmEwmMAwDwZBON1ATkFoZ627m36trfQMoFosHnU7neaVSuTg/r0EPaMikHyCV2kY6eZ/tFfmscjabwe/3IxQKCYDH126/xlKpdEj0Y4pd9zFls1nkcjmk0+m1F6yi2+2iVqt91/71nMvlcoCkFymOKO4S2EedfxHkE8Xxb6/5rMKMZgtBAAAAAElFTkSuQmCC",1
880,Divavu,"data:image/png;base64,iVBORw0KGgoAAAANSUhEUgAAABAAAAAQCAYAAAAf8/9hAAAABGdBTUEAAK/INwWK6QAAABl0RVh0U29mdHdhcmUAQWRvYmUgSW1hZ2VSZWFkeXHJZTwAAAHqSURBVDjL3VJBaJJhGDZ+F7Sduo0gYoeEDkJ6iV00t/Yf1H+il99TMPrFUjuY1XQKpeAOggMV9DQPnUTQTg0Xc6B5GSM7WXj4N6QIKdKgNd0yn753B1m3H7r1wQMvz/s8z/fA96kAqP4Fqv8owGAwzHg8nifxeLyXz+cRiUQ6Pp/vFsMsm2XiaEca0v4VoNfrL1qt1kQqlUK324Usy6jVaohGowfhcLjebreHxDUaDZCGtOSZBOh0uuVAIPC91Wr1nE7nlsViGblcLqTTaYRCIdBMHO0KhUKHtOQ53yARi8UGmUzGbbPZpo1G449qtYpms4l6vY5SqQTiaEca0pJnEqDVah+43e5+Npt97HA4tk0m0ynP87Db7WegmTjakYa05JkE3GBHEIQPyWSyXywWv5XLZeRyOfj9fgSDwbO5su7Brnjt987CFF7y06cvTJc2JgEajYZjFW+azeZDSZKOvF7vgOFEFMW7DIvZFX74LjCPwaskxu8r+Fl4hH2vdvR6Uf1Q0Vtv3+HkY2ZGWgBWLwPrc/iauA3GHygK2FlQj8dvyzh/+s9mQbyyBkvcx6PNewAzDZ+q0GPo3OfA+E+KAt6IV57vSdd/fV6dw5fQFGTpAqqCelRZ4tYU//mGeDXIbjyk2tSIzMT/ASTzlHJFEjXFAAAAAElFTkSuQmCC",4
84,Brainverse,"data:image/png;base64,iVBORw0KGgoAAAANSUhEUgAAABAAAAAQCAYAAAAf8/9hAAAABGdBTUEAAK/INwWK6QAAABl0RVh0U29mdHdhcmUAQWRvYmUgSW1hZ2VSZWFkeXHJZTwAAAEXSURBVDjLY/j//z8DJZhhmBpg2POQn2wDDDof8HvOe3osYtXzDzCxuM2vP3gvfn4MJIfXAP22e0Ies58eK9r2+r//3Kf3YOIhq17eK9v95j9ITrv2jhBWA/Ra7kVEr375vXDrq/9+s57eUy+4IY0kJx2w6Nk9kFzE0uffgXIRKAboNtxlC1/+/GPljjdABc9+q+ZcM0Z3qmb5LWOQXOmml/8DZz7+qJB0hQ3FBerFNyNC5z/9nrXqxX+Pvgf35OMuSSPJSXtPfXQPJBc089F3oFwE1jBQTLkiZNtw51jq4qf/XVvuwsPAa9Kjexkrnv8HyclFXxTCGwsyERf4LctvHvPuvAePBf8pDz/Y1N45BpIbKUmZFAwAR3nW32nUrY0AAAAASUVORK5CYII=",5
2,Devify,"data:image/png;base64,iVBORw0KGgoAAAANSUhEUgAAABAAAAAQCAYAAAAf8/9hAAAABGdBTUEAAK/INwWK6QAAABl0RVh0U29mdHdhcmUAQWRvYmUgSW1hZ2VSZWFkeXHJZTwAAAEkSURBVDjLrZM7TkNBDEXPixAFQimgpGYTdOyCBaRjLTSR2AcFy6CnoAOhdAgpeR9m7GuKebwkSvgowdJo7JF8fG1rqohgHxsBTKfTnSkHAF3XAXD30AwgFyjAHUxg/T25PKo2AE3TDA+nxyP0lSzw/paClzffrqCuawACkJaJUqkqRYn9mxYWi0WR3ctUFMkFFmuwHwHmMHvX0K+8+B4FKn4BXF2sD+jPW5jP5wDc3M821ukemInsQU5Byk7OImVxe31erQEAzk4OAVAE8hWACXNhNsKyeHyuN7cAENEPzgN3YRZkE56D3MfuovvQti2UauaBWe+byL3vpgEurQDatgUgJfH02pKSk630mVORn1PgsUxckRyMx+OICHY51b/8xn3sE1maQHPqA+BuAAAAAElFTkSuQmCC",3
655,Twitterwire,"data:image/png;base64,iVBORw0KGgoAAAANSUhEUgAAABAAAAAQCAYAAAAf8/9hAAAABGdBTUEAAK/INwWK6QAAABl0RVh0U29mdHdhcmUAQWRvYmUgSW1hZ2VSZWFkeXHJZTwAAALjSURBVDjLfZNfSN11FMA/3/v7ea/36prXWWirTZdlKtiC6CGi4BLVCqJB2/BFNmKMfInVQw8RK4lVD/VoEL2UWL0Za8HQJHNL5ya17lZz4aItXb957/V6r9v13t/3z+nBNBm0A4dzXs7n/FciAsCz747LgRdambyyiDOCtQ5rHc46jHE8ft8W+gd/Yrr/JcUG8dccZy3OCUb/G2hWrTWraoxgjeVWiaw569m0xYSW9qrT9NxxFB1atLarwNsBnLHcLGnu3hRDh5ZU4mseqb9Mo8xw7+Y4N0oVrL1tBbbv7PnrNMR8OpNFdkTTROpTPFU7yl01UaZ+nsMZ2/e/gPEPdh258Humbyod8Gjie/ymPUTqHqMzMsKZc1c4fynouzi4/8itABWe2hYX8drEiecE3vqx59ChrhMHt3UdhEiU8OpXDJz0vtnXkX5HJIJzgtWlTNOehasAqjLWOCeJ9q0iICKIEyLJJyCxHdF5RBfQuTS2tICgcFoTLv9JuJjtaXlFBnyTC3pdEAx6Hb21/tZuJAxwYR6ns2BLoBxVd+4k6m/CGU1h+gvy09ljxBgCUCJCYUC1Osvx6IO727x7XkTC64i5ibgSYldAeQTfTRP88AuVpbJYT+aA/qeHzftq7RLzX6paB5/HH3pjt4rV40wesSVwZTKT8yxfyvJAai+xlk5W0sP8dnLE5mcuHl7fQrJbbqh4zYguzCIKEIdCgVj+Gp3k/tReqi+PoT7rJvHHEM3bt3ii5LC/cSVC9fNVyZ0o5eOMQS9dI9rQjM4WqW5sgede++8H3m7Cc6p5HZAbaog7IeXVdVA48yG5iYlZFKdq2lr3e3UJSue+peZYL5WVgBKwXPSwHtc2XKJ5UtXuiGeOv05mbOITo3m4/T05sDQzu6u6nuVfT4/zdzlO0asiv6iYnVdWoH99iPOfqpfLC7xZztLb+ZGc2Nja1KtqcyWTHC3nil2eUb71ZF7g42eGzdF/AONCmjwFNk4lAAAAAElFTkSuQmCC",1
8597,Skalith,"data:image/png;base64,iVBORw0KGgoAAAANSUhEUgAAABAAAAAQCAYAAAAf8/9hAAAABGdBTUEAAK/INwWK6QAAABl0RVh0U29mdHdhcmUAQWRvYmUgSW1hZ2VSZWFkeXHJZTwAAAKdSURBVBgZBcFLiFZlGADg5/3OmRlHbbwkpmQ37WZlmBYWIrnRRUnRolVQbcRN7Yp20SLauSvENgaB1C6KdpnlBbHMFl2IMsK7Ntg43mbm/8/53p4nMtO2dw+9Pj4x9koJGzEPAQIZZNXV+vfVK3kgrk29fXjPjgFAZKbnPjh6+NM3N64tJRYnjQQgE9LkjaH9J666dGbu1u+//rH0yJ4dc9BCaeKh0bZZ/Nu/mhJBkJU+q65LM8Pe1gdus+nB1vE6OT/rw1PPvvH1ku8/fH6uQEQszMxmtClGCm3QFJoggiJQrZwYteOple69f2y8nViwDwokAQUlKBFKhBKhRChNuPjfjHsWDj2yNOx85nbNSPMytACZtA0hZITaJyW0DaNZnLqSBrVT68CW1WOiLR20kEmijSKlRJQQyEo2hVFKDbU2UiEKKJCoiKBEKBFKhMgw0oSREr448YLPjm421hYVmUCB2pFJRSIzkUqhRGgb5rqhVcvW+uib9fpKX4EWak2ZSZIS7P12K9kb1M6g66xcssbaFZtcn73p1X336bvPQQt9pU+yUgFdHdj26Gv6rPraq9KF6bPWrdrsxmDGT7e2z3v8/ZlooXapZnrv54GQarCoG+izOn3lL8Pa6erQsB+6Nnfd+ru2uDG85fg/R2Zb6Lpe37NyYsSG5UVNDlyY1fWdOybu1tVen9XF6TOWLlzh5Nmjjv15OmfT4ha6uVq7WnPQi2PnezXSrW7gk2O7DerAbDewZtlaT6/e7sfTR5ybvmR8cs/NUx8/P9PCcLa/vGC0WfbOusGCzCyS+tgvYNF4C17ce6co4yavT/ly1w/TG3YePA8tROTu7W8deikinkg5H0CSSOnG8rmxc1PfxeLLX119ctfBk22xH/4HCmFTpxr5rC8AAAAASUVORK5CYII=",4
6,Youtags,"data:image/png;base64,iVBORw0KGgoAAAANSUhEUgAAABAAAAAQCAYAAAAf8/9hAAAABGdBTUEAAK/INwWK6QAAABl0RVh0U29mdHdhcmUAQWRvYmUgSW1hZ2VSZWFkeXHJZTwAAAJcSURBVDjLjZPfS5NRHMYHQn9AIeRd0za9KEMi7U4oiIZRVFSUVJvbHEyo1GXrB8XsYpDWwjKardKZ3WjKa+p0iTo1jVgs1kusWKQ3XYwhw/3+xdP7fWXvfHEXHng4nIvn+X7OczgSABKPx3N8vkODGaMCTlUFJBJJ9Ta1h8yVbrc78nV5Ed+WXZi8Wo5MJrMt8SFGo3EHwzDKKbMOn3t0mLxSjng8LlI0GkUkEhG0vr6OdDq9ESAmmIOjXr4lIBeSUzgcRiqVEhM4HuqwaG2E46IciUSC152BVRj7V3GLU5t9BW29KzBwIgohQCBY2iAYPy9HMpnkReb+uQDsnPpmA+idCaD5zV8+gKhEBOPtjVh4ocXYORmfTto8tZUzttj8uP7Kz3cQi8WyBQlGz8j4giggdxUSTaS7kzkUCmFtbS3CBRzMEzzQYv65BqOn9wrm1rcraH79B9d6/Giy/ob+5S/on7EIBAIIBoMFOliaA3OyjA+gDnKTOVxMfBnCTasSjU9OQfVIAcv7dhQVFR0WCD7e08DVpcZIXZlQIonMH1x2mAZVGGO78f2fE5ZPelyw7MeB+uJ3IgI3RzCsKBVKJAJqvIGbyPx4CuZnF2h1TmthmdahRl+SzBPcVmPWosLwsXwATafiTtytwgRrw+Y16u1GTVMJthAMHZUim83yL5EjqL1Rig5nA8xOJW82TynFBAaDQTpQtw8jlw9h8IgUfr8fPp8PLMvC6/XCZGvB2c4KPHZq+Mm005nvgL4zSSnbWXu/ardJLd+lKfR1Ky8V91XrS6KETTud6Tv/BxVpxDzfgUo/AAAAAElFTkSuQmCC",2
47,Twitternation,"data:image/png;base64,iVBORw0KGgoAAAANSUhEUgAAABAAAAAQCAYAAAAf8/9hAAAABGdBTUEAAK/INwWK6QAAABl0RVh0U29mdHdhcmUAQWRvYmUgSW1hZ2VSZWFkeXHJZTwAAAH6SURBVDjLY/j//z8DPlxYWFgAxA9ANDZ5BiIMeASlH5BswPz58+uampo2kuUCkGYgPg/EQvgsweZk5rlz5zYSoxnDAKBmprq6umONjY1vsmdeamvd9Pzc1N2vv/Zse/k0a/6jZWGT7hWGTLhrEdR7hwOrAfPmzWtob29/XlRc9qdjw8P76fMeTU2c9WBi5LQH7UB6ftS0B9MDe+7k+XfeCvRpu6Xr1XJTEMPP2TMvlkzZ8fhn9JSb+ujO9e+6ZebbcSvMu/Wmm2fzDSv3hmuGsHh+BAptkJ9Llj3e2LDu2SVcfvZqucHm0XhD163+mplLzVVtjHgGar7asO75bXSN+VMia/KmRHxK6/P/H9ni8MmjwqrNoeKKKkZKa1z37F7H5uefkTVn9Ac2NK5O/L/lytT/F57t+t+/O+t/eL/uf/NsqV4MJxYtfXxmwo4X/4F+NYaJxba7fN94ecL/jdcm/QeBnj2p//v3pAMNkPyOYUD8zAcbJ+189d+z5UYOTMyn2vD/titz/iODTZemggzADCTvlpuNE3e8/B/Ye2sJTMwyR/p7966k/+27EsCa23cm4HYBMGq82zc9/5+3+NEzx4orbCAxoMKW4B6N/727UsA2g2gQHyjeg2EAMGqEKlc9/VOx6vF/29JLgTBxoOIOIP4EcjaU7gCJAwAM9qYI32g+agAAAABJRU5ErkJggg==",4
419,Midel,"data:image/png;base64,iVBORw0KGgoAAAANSUhEUgAAABAAAAAQCAQAAAC1+jfqAAAABGdBTUEAAK/INwWK6QAAABl0RVh0U29mdHdhcmUAQWRvYmUgSW1hZ2VSZWFkeXHJZTwAAABbSURBVCjPY/jPgB8yDDkFmyVWv14kh1PBeoll31f/n/ytUw6rgtUSi76s+L/x/8z/Vd8KFbEomPt16f/1/1f+X/S/7X/qeSwK+v63/K/6X/g/83/S/5hvQywkAdMGCdCoabZeAAAAAElFTkSuQmCC",3
9742,Aivee,"data:image/png;base64,iVBORw0KGgoAAAANSUhEUgAAABAAAAAQCAYAAAAf8/9hAAAABGdBTUEAAK/INwWK6QAAABl0RVh0U29mdHdhcmUAQWRvYmUgSW1hZ2VSZWFkeXHJZTwAAALTSURBVBgZBcFNaNdlHADwz/P8fpvbfJnO+M+XtKz1ovSqSEaJIUWRXoQKIoI81MU6dAgPQXQphS4dIiOQhMp7h4hAD84iArVSK8FU0NRtbro52+b2/z3fPp8UEZ77YPCN7kXzXsvJBnQhgYRIRNEu5dz4WBxON2+8d3Tf9lmAFBFe/Pjno1+/s2FtzmlxUAkAIiBcuzXn4LFxQxdvT/11+kzfT/u234YacpUe6KyrxX+OqHJKJKLQRNFuh+m5xjP3LfTE/bVfy7WeKA/e2PL290uOfLbtdoaU0oKIqDqrrCNTJ6pMlUiJLKFYvqjT9o3L3T0wr7teNP8ryBAkyMiJnJKckpySnJJcJVevT7trwZx1fcmbTy5VdVQvQw0QQV2RJJGS0gQ5qSs6I/tnLMyWtlJmbb5nnlTnNtQQQaBOWQiBlJOEKESVTV0aFHOzuga2CpmUQQ2BgpRIkkDgv9GLJkcuWLDyUV3zOpWOWpm+7sih4zYt1QEZSpsICgIRgTBx9azVq+40ffWkVqtlxYoV2sOnDQzcq+fm39WePXt6aiglRARBCAA9favMzMwYHR01ODiou7vbunXrTE1NGc2rm092vzqVoSk0QRSaQlM4f/wHnWVSq9Vy9uxZ23a+b8sr7/r38hXLli2z9aHF1d69e6OG0g4lwoe/zUpCSeyYmFBVlf7+fq1Wy0e/zynYWpLJyUmXLl1y/vx5NbTbjaZh+aIO61tZCabbL7l89bS+oSFr1qzx/LlvtUuxZvVKY2NjDp+82fTSqqF9u5R2KTHbSL9cbpQUQuXpK6foXWtoaMj6xx4xMzPjwoULent79eeLVerunqhhbqYZnt9Z3bH74dn5EZEFBcfGlzpw4ICdb+1y5tQJw8PDNj21Ob784vM03iy59d03nzYpImzcdWhXey52pJQeD9EDIAiE8OzCH7tGRkac7Hp9vJRyInPwj/0v7P8f4TBXams7dlUAAAAASUVORK5CYII=",1
46895,Quatz,"data:image/png;base64,iVBORw0KGgoAAAANSUhEUgAAABAAAAAQCAYAAAAf8/9hAAAABGdBTUEAAK/INwWK6QAAABl0RVh0U29mdHdhcmUAQWRvYmUgSW1hZ2VSZWFkeXHJZTwAAAKFSURBVDjLjZPPb4xhEMc/z/vublvt292m1TZoo4RI4yAhgvhx4OBHSFwkHCQuuEq4SBxcHPwD7EEcHCQSiQMJCbcmRCKkhBQtitKu3W139919fz0zDos2Iphk8iQzmU/mOzOPUVX+ZW/u5IZS6b6J0sTngfUna58W5hz+wzTRxx19hxCrL37Ppf5WOH4v24XlmNd/uCe3bAeLV77IPs23n27rMlfWHKqVAcyfJLy5nYuNo65xc6aj5yBe/zZcLRNHDuUPD/ALD7CNqvjTon+UUPqYnI3iLSY3eIbuoQO4zBKXRnC1SO/qvXQOHMWP1jrFWTlnxm5veNbaOTxszEKWUvn8uJRqGegb2nqKuHAXaUyBxjjd+3l1P09h4tmRPRfC6ymjzpqBrVfTxhjQZjHGkATf+sZubpfK5EOnvWsQt30Y67+lMvWc6peXo3suhNebQ0w0QKKW8OslbOSC04kxHq1LdrKoe7njpD0St5fy6/t0r9hMJvOOlHFXzW8hNo5KhI0yqCjSmKRReEfhyTWSqSLF8Ru/hE2NvQSgv2t12zzAaKskDfwvM4TT40hUx23JsmxfnpnnN8hkV5Jdug5+bMsvF5i+dXzBHcQOqbZeFm86CwioolIlnhvBy1VItYwSzzxCrY9KnY7B80wDd0846d15iVPEqmoDpD6K2jnUVpHgPajgpgVNfFRqqK2htg4qAOzOS9zsIERVEiQuoMlcEyIhaAIaolJHrY8kVdRWwZjfTjlSNVg0KaHJbNPt3DwsqaK28kNCgISTAMEvgEZSTurFRXEt4yGeo5oG8UB7UBsCEeo0X+NYbBCoRhLOA4Lw4sTlgxtRdmHw/v4tATMSIXrtZ+g7IylnbI9OutsAAAAASUVORK5CYII=",1
4990,Layo,"data:image/png;base64,iVBORw0KGgoAAAANSUhEUgAAABAAAAAQCAYAAAAf8/9hAAAABGdBTUEAAK/INwWK6QAAABl0RVh0U29mdHdhcmUAQWRvYmUgSW1hZ2VSZWFkeXHJZTwAAAEoSURBVDjLnZIxS8NAGIabf5JfURf/g2NxyCCEbAGXcuCWIQSC3C4hZHPXttopKI5S6KaC2E2umDRSg6SXwGcubeAuCeVs4F0e3nu43Pf1AKDXTPmpZfpc1K5e1e04rLBDRVEAS5ZlsE+yVxBFEdSinUT5lyBNU0iS5HBBnudAKT1cwEdawE9B1/XYMIxY6hHDMMS+7xOMMXEch9i2TYIgGLiuO7AsiyCEqpimSUoxFgTsap7nEf6Ku19RupimaYRj7aWRZbWguTRHZU4kWC3eCsKXGBbxpn7xMzbC9fMNFJ+vArtdjuAjW/CT2Qqe3tfw8JYI5d/5HfzMRgK7X01h/DVpCy4fv+FiuhLK9Poc6NWpwIZLBEOC2oLG0lRlCdbvmgLLsSRT/wAPFzLO5ovpLAAAAABJRU5ErkJggg==",4
493,Fanoodle,"data:image/png;base64,iVBORw0KGgoAAAANSUhEUgAAABAAAAAQCAYAAAAf8/9hAAAABGdBTUEAAK/INwWK6QAAABl0RVh0U29mdHdhcmUAQWRvYmUgSW1hZ2VSZWFkeXHJZTwAAAFFSURBVDjLfZNNasMwEEafHfcA7coUsigEssmZep2ue5VCobfIJgsbuklLS6DrLhJrvulClpF/0gExI8v6ZkZ6Kk6nk0siH2Y287vdrmDBKjOjruulNdwdgMPhwDWrJAGQ/HRzWZaY2XWB6WLamMdT8cUKAJ7ffobY3DEDNyHVvL5/eBCEYDw9PhSzCooifru/vcEdJJAck0dv0b9/hXkLTdPE0/Y7TOByJDAJM5AJ60XO3bjlarvdDuW8tN+eMsl82GQSMjA5XedjgXwSJCwIE1ifNQkl300ryCddJ7rQZ3Oh4ASlFuJthOC0besJsLHAxQihGmUcWupHMGez2QyAjQTOF9F8/qLQt2Px2mJFjguciHsCrMjBye14PPp6vR4gmgK2Wq3Y7/eU1wjLAVuiE5ifQW45YAmypX/+FRgA65/1NJbEH0d3cad+jVEKAAAAAElFTkSuQmCC",2
4156,Demivee,"data:image/png;base64,iVBORw0KGgoAAAANSUhEUgAAABAAAAAQCAYAAAAf8/9hAAAABGdBTUEAAK/INwWK6QAAABl0RVh0U29mdHdhcmUAQWRvYmUgSW1hZ2VSZWFkeXHJZTwAAALVSURBVDjLfZJNaFxlGIWf7853597JTJzQzDi9U6chPxCaOmi78idIlglEsEJJqFmIaDddlEK7EF3pKmJcdiUU3bmwXQiiGxsQQdBaF9HYUFucZP6SNHWS3uncO9+PiyDNGPDs3s3DOec94rOvflkyRrzRjo0fKQ7L9p6uBN/l2tuvnb4EII0VC7Mvl/K+7wshEvyfOga06nL9u7tvAvuAdmQ8z/PF58sP6fCAPXGH4cImKbeFsoad3RS/3c3SZ08gGeTy2WG0EeJfqIwVOE4CR0DsNBjObeIl/6IV7aG0QnoeI6WA+/fSDCRzGNPrSgIYwHEEkd0i6T7k78ctIt0hVgplQzzPI4xSDKYcLLanmCcAIbDKEOkuHRXxuBsRG4U2gOhijUY6Amt7W3UArN0H+OTZC9NYXCKjiZRGiCThXoZMskgi4YAVhyNYux8hkzhGtdEk69fpSzt4QvFop49mIyDIjiAdcegz0h4EuE9TTJ1i4/ZNBjI1hNa4nTzHRxfI+AHamP/O4omDOw/Oo42hG2uOtCTSfYVc4Rk27q9S2/wAIyMGt07xze5JdpvbT1248OmVlZWVq9JaiwCmT19CK833X/9A//EB5ubmCMOQjdFRfvw5R8JxmD33Kq50qdfr4tYt76NKpZKX4sBeV3/9g/ZWm9lzr/PJ1SV+v71KcDSgXC5Tr9dZ+niJRqPBsZGTauHsrKxUKucd3xUtTJfnCi/waD2ivz8LwOWL79GNFfPz80xOTjIzM8P09DRxHPPsS2dCgGw268mkFF98efPei7G25T83VTLRrvuAePf9D5VSSi4uLpJOpwEIwxCtDT99e631/FsL2Wq12hEHhzExMXFibGzs+tTU1NFSqWSklEeazSZra2t4nsfQ0BCFQgGl1M76+rqzvLzc6AGMj48ngiAop9PpG8ViMe95XgJwtre33wGquVzuBuBGUaRrtdpWGIZn/gGotkJJF2DBHwAAAABJRU5ErkJggg==",4
3016,Meedoo,"data:image/png;base64,iVBORw0KGgoAAAANSUhEUgAAABAAAAAQCAYAAAAf8/9hAAAABGdBTUEAAK/INwWK6QAAABl0RVh0U29mdHdhcmUAQWRvYmUgSW1hZ2VSZWFkeXHJZTwAAAJZSURBVDjLjZNNaBNREMf/25Q1Lqmk2NYamo+amI+mREOhFhRS0CKKN8FT8NSeiiBIDiJYk4MXEcGTwVtI48FQouLNix48RCoh4GETqAmioTFG0qT52HT3ObtgqiGHPBgGdmd+M2/m/zjGGPpPLBazyLL8XpIkW7fbRavV+tZoNFbC4bDYHzuKAafT6TyZmZmxCYIAFVAoFMz5fP4x/brWHzsyCFCv16fT6TQymYwG0Ov1qNVqlkGxAwEUjI2NDa5UKmmAdrut2dAAnuc1z3GcBvgLGRpAM0AoFGJGoxE0SM3Ub0MDaOLwer2gQSKbzeKEoYIHa1P2nXfBqaEA1C5TK4qiCL/UwOLxInznbgiGgi6N27dWB64xkUjYyImKovBk2v3NZjOW2E8I7ss4dtKPnYmktdIsPX8YDJri8Xik14GaTIISXS4XTztHuVxGNBrF1otnqBt3MTZhhLz3GpO+m4C7C+dpezgQCNzvdUAVRY/Hw7vdbphMJgSDQVJfEwfFBKZP+elOn5HefIWltbuQxvdx3jqOl8lqmFIjGoCkypN0kUqlVBFpKzOw77h05gjGxptU/SvAFMiNT5hdvoO9t0/B5PbhENUEdWjValUDNOo12PU5GC1noTSzlNvCwnUXFOkHqTIHm+8qVuZ0hwDqQAM4HA44nU4sziqwzy9DGKuAHfwiRemwvZVTLwulncOk04qLrlF8iMzPceprXF9fZ8VisSeae1c6uLC6Cd1IgQC/KZH9t3ndURd2v2SQexNJcoOe88dHCxUmKwJTGLWv/GOs56F6xrb/AFceRXFTtLBJAAAAAElFTkSuQmCC",3
196,Rhycero,"data:image/png;base64,iVBORw0KGgoAAAANSUhEUgAAABAAAAAQCAYAAAAf8/9hAAAABGdBTUEAAK/INwWK6QAAABl0RVh0U29mdHdhcmUAQWRvYmUgSW1hZ2VSZWFkeXHJZTwAAAJISURBVDjLpZLLS5RxFIaf7/NCZqiZYYW1sEbTKWsTDUS0sFpF/0K7aBftulCbTIQWQi1r0aK/IKhFIBUodlNKKtBIy2qsKUPLacbvdy4tRmuhSdDZHDhw3nOelzdyd/6nypcbXnx25oWZplXNVfXOpUzvkb8JxEuXT9djpFvXtJKqSUWimlnpgyUC53f3fEskyQcP5JM8IjKykkDk7nQ9P+tmiqqhpe5ta7dHYsLzqZFZEVVVjUWE60dvrl3igZrSUp3C3DB3HIvUDHdoX99eq664G4/Hh5Y3UVVRN8yN7NwkM8UZxAVzJ47KMHO21qYQkeURzj085apKTUUtjdWNvJoeQV1LOF7Cqsy9ZT4pMB1vQkQRUW4fvxvFAJcyvVHPvitRbi6HmhIsEFQQE4IJwYVCmKepoY2Kwhsy6T2IytIciCjqiqhS+fktZglugoqwsb6Ftg17+VHMc2/wGlq27Y/Ayb7jLqLUrapDzQgeiC3hUPrYbwTDyc6+Z2fTPuaSAkOTD+joimvLFy+nG9tQnInv47TXd/Dywyjqxrvp1wQTxAJBA9/nf7B7837mwk8eTfRPlwMEEQTlWW6YHQ27GP80QVGKiAqNNVuQBTOnZiepX7OB4fcDDLzp/5IIh0sfBEHNSK/rQNTIfp3Cpeg3Bi+TWBIVJWFrQ5pM82GevOunb+zup0TozHb7qwUE4cnYU0QVEUFEi7dOjFcBHLx6QCtQhj88jKO4ivtjfR8TozPb7aO/c/Av1XwhyquVrS6YNue6fWJx/gvSRpXk80tR+AAAAABJRU5ErkJggg==",5
8,Skalith,"data:image/png;base64,iVBORw0KGgoAAAANSUhEUgAAABAAAAAQCAYAAAAf8/9hAAAABGdBTUEAAK/INwWK6QAAABl0RVh0U29mdHdhcmUAQWRvYmUgSW1hZ2VSZWFkeXHJZTwAAAKgSURBVDjLY/j//z8DJRhMmJQd+x89/W4IRQbY1x5L8590dzmy5PuIqC4gfvA+PPIyEMfhNqD06H+L9gfG9p33/jr23OMEiX30DTj8yT/oFxCf+hAYfBeIfwPxIyBWwjSg5Mh/tYZHzDr1D34aND7Y9tXOsf2Lg/O/z85uNjCFn908lT56eH985xXwzXvygwYUA4yLD/9Xcm+QlS572JWesP7XVyOL79/MLKci22Rc/6DXvPH+X8um+79t2u7/tOu4/w9ugFHxof8wha+1LP89NHT9iaxZIf/BCpWie7/Vi+/N/25kqvrN2Oz/suiO6QgDig6ADfgtJrX0p6TMb1u/Xd+5Eh9M4k16yCyQdH+HYOK9H6JJd+tgBv7U0j3wXVvvA9wAg8J9/6sNAvT/8gr++8Mn1MYQ8aCFIfzBf6bwB3+Zwx/8Ywu7H44e+j8VVX4hDMjf+/8/I6v/fya2OyghHHCn3GuRw3TvJTZnumq0n+4OFHi9x4nl305X5kfXDHmvwg3Qz9v9/ycDS8hvBhZxmGavmZZeHjMtX3jMMn/QW6p5+XyJxd/vW3v//7u24//XFUX/T2fr/tnlzJILVqyXu/P/HFENB5hmxw6jaY6dRh8dugwXOfQY8ux0Yb77Daj5/yTf///LBf//b1P8/7rL4T9Q/B5Yg2729v+WJTqSFqXaM81LdR8B6bcWZToZMANBzv53dt1/ZPC+XuI/SBxiQNa2/0YZmv6GGepu6gGWrkAanBqFNTxkQTTQz4+/zE3+/x+o6UcZw/93QPwwg/k/UPwJ2ADtzC3/tTM2/9fK2ATEG/9rpW0A4vX/NUE4dd3/sriU/8dS1P8/K1f8/6qS9f/dFMb/u33Z/u9wZa4iOtcdCZetANp4HxoLj0GaQeIAMa12DZDYXzMAAAAASUVORK5CYII=",1
75,Twiyo,"data:image/png;base64,iVBORw0KGgoAAAANSUhEUgAAABAAAAAQCAYAAAAf8/9hAAAABGdBTUEAAK/INwWK6QAAABl0RVh0U29mdHdhcmUAQWRvYmUgSW1hZ2VSZWFkeXHJZTwAAAMfSURBVDjLpVNJaFNRFD0v/ydpM5imSZom/Ro7YNJqRVScQQV14wCtFRvRpYK4Edy4FIpgEetCRF0LDiCIoihCxWqtQ+mAsY2kDk0wP4lJrMQ0yZ99/VZRXPrhcd5/7w7n3nMf0TQN//Oxnafv13Bu28ACi4mDRgBNhUKDKpIEQZAgURQrAt0LkMsClEoZYrmCb9kZPh79uI0N1Nkj65cu5Bq9tXpEdZ6RompQ6dKDKar+ryiKjhLF0fHJ2idCIco2uKycx8IgFk9DphcjkWmsWxXC8FgMK5YtgiypGHs7jdbWxRgcjGDh4jo94BLOAU+9z8kS8jOrkSH4WlRRkglKihFfSxIev5zSjVXNABHVEIgJ+VwBAc4JWVVBqDM5dXVIM8hlGCg1YmCwfmUQM6KJUlXnywBlpuoOC9gS+vuHIRTzkEUJ2WQB7KuJ+KGQRzvjclgZj4fzMqZqwk9FwafzEGUFMl1zLCQF2L51DVramtQPE98jqe8F9X30dR/5JeOxvnvX1i5vDIeaAnDYLAjWGf6S68q9N6iyVCOby2BkOHL/+tmju+bOdat9PXcWuWpsHV6PCyLNZDP/q7e7xo538TycNS4Ybe4Nv+dgy4kbxKYKt0KbllSBsBBFEeMvXuDmZAROpxP5fB5dXV1wVNGGxftpRj+Cpi/O/eHjD9P82F5meugWRhOFy23NHEnOCJgYvIvyTBrhcBh+vx92ux0DAwPIJD+hc89ONDc3we2qBctUWpLJpJGdo1ERVUMq9w0vnw/BWZnG7oMHcLKnD9n4JPw+H9rb2/GFT+B83znwqRTcXBCHD3YgkUgc0QPIdFwl2unc5xgdFLtem7llB0rvxtDd3a2XUiwWkc1mceHiJbSGtug2DofDPM9ARLksor7eg3Q6rl+KUw9AoKG3txdWq1U/m52dhYFoSEUeAav3g5ZQ0WXcHO6Nev3ekCKVoKSGsHHtKvgbGmCpMiKTySAWi8FsNiMQCMDr9WK2JCDFfxaePXv6ifz5nIPBIOPz+dppxtu0gR7qxMxJncvlDlNMut3u2xSN9GUqPM9nKaOOH954iqSVHtHeAAAAAElFTkSuQmCC",5
017,Tanoodle,"data:image/png;base64,iVBORw0KGgoAAAANSUhEUgAAABAAAAAQCAYAAAAf8/9hAAAABGdBTUEAAK/INwWK6QAAABl0RVh0U29mdHdhcmUAQWRvYmUgSW1hZ2VSZWFkeXHJZTwAAAIzSURBVDjLhZNbbtpQEIazgaygG4nUjXRH3QAySvvSKokEgeaBSBGFXJqAQkMxYCA03EJMzcWxCb6AAYP9d46BhqRURfqw5Zn5z5y5bAHYWufd++hbwkdkCYUYEBXCz2yv/dcDtwmOsL/yIkotHU11irY5g9QfIp5tgdmWPtsvBJbB0YOLCuaOC0kHjtIGvhQMfO9PMSYnh2A25sN8VyIrAY4ZNBvezyTvvUsNn66fIGgOXPpGD+jOwr4U4TwBetkhHLFvYy+loqounE74MfxnKupDeBn06M+k55ThukzAYbHe6TG630lBx8dLBbsXCooSUOsBqapJ15mgPwFkEtAplcEcMIjYoiYcE8gLoobPyUcSkOH/JiOS1XGYqDOHLiOcbMCkoDZlU30ChPYcgqgze54JqLfSiE6WsUvBH0jkpmEyY4d4s6RT6U0QoaKGMppHUbKYj/pHwH8ugzvtwXfaRfr+b4HiLwshXsf+zYDoo7AmkM8/DMCdd73gIKlXVRcs7dUVDhMNJBssgyGOSxai5RFyzecreEW8vh9DkIGWBTQMQgMqjxOUOhOkmjOEciPs02wEMiYSJLZeRK+NNrVGph7dDQC+C1yJQLw+x/HtFOG8hQBv4eCHiSBvkrD93Mb1QVKoXYICJCg4VnMRKc8QFsYIZhfBAd5AWrRfDtLrUZYMFznKIF6bI1JcnH4k0C7cWfgp25tHedMyZR90lLtTrwYZKgj79s9l+s86K8t336Z1/g2YLh6PHfCmogAAAABJRU5ErkJggg==",1
515,Livetube,"data:image/png;base64,iVBORw0KGgoAAAANSUhEUgAAABAAAAAQCAYAAAAf8/9hAAAABGdBTUEAAK/INwWK6QAAABl0RVh0U29mdHdhcmUAQWRvYmUgSW1hZ2VSZWFkeXHJZTwAAAMPSURBVDjLpZPba5tlAMZ/75cvadOmzdI2jTNp03TDJM457fAwmYeLyUBU2EBRmBfzwgvFK/0DBBF2oxc68MKK4EAKiqBUGV60qY4yWbVh2cza0nXFmqQ5NS1pvuP7fl50ThG88vkDngM/HuF5Hv9H+un3vtuXGArN9fcEEngCPIX0PKTjYFkOjuNgmxaWZeEaFtI0sA2TVm2rtF68eUJPDvcVjh0aSaRiAwCo242k8lDK2zOTCqk8pJRI5eFIya/53wZy1k5Rjw/2JqI9PpbXK7hS8kvhFo8ezXBlcZkH7hvFdRSL126RzY5x6VKBkbFhpFTckwgTvWt/RBdiL9XvEzTbio4r6Eg/zY7DzOUVpFQoT8MmiCUCNOo7JBMRXKUQQiDeuTDvaa6BpjyE5uPYRJotO4BU6vYMcKXCVYqknCVRmcYXOsxufY4vF+PoP19ffyUT9c4Nhnt90Wgi5gsERWmlSKnSwHYlriuRUpHuX+RQWhI8fIZw6kFaa2lO1ie3xV8Y3/hg+otH7k+9nBlPEg71kB7W7qDqlL/HaF6hLzxBc3WJ8OABAn3DFGc/N3WAF979ZjQbD5+KRQexJYS6/uZs1n/Eal4mMn4SqzxFoEewnr+BY9oN02g/pj311pQwmq2vMqlYN0IHodHfLfaSN3MYlYuEDzyDWfoE4d/CH+rD61T48Ifg1ENvfr2s5d5/yctkU0cj+yKUWw5SKYJ+QaX4LTu/XyR88HnMPz5G8zvYO2OU5vLMhl5nxUgdB9ABTFtp5XqL1fIupjVEfmaSE2Mlsk8+h12ZxBfwMLeTlOYW+Mw8i7QFmrajA2gAruPgSIXtumwuXODpZA1JnHLhIxQmu804a7mrnN86w8ZuD7om0AOBg/9oYGMYNiNDXeyv57j3+KcsTb3N8k/zdI0eYbdRphB9jaG7h4koRadt4No2dwzW8tdudKq1jL+7l0ytin19mtSRx9muNVhdWGIm8CrV1Rp4myilMNttqhsb5wHEv+/84hMDxsR4TH84m8LzW/NGtXb22XNXb/7Xnf8EvI+SIusIR2cAAAAASUVORK5CYII=",1
252,Blognation,"data:image/png;base64,iVBORw0KGgoAAAANSUhEUgAAABAAAAAQCAYAAAAf8/9hAAAABGdBTUEAAK/INwWK6QAAABl0RVh0U29mdHdhcmUAQWRvYmUgSW1hZ2VSZWFkeXHJZTwAAAIzSURBVDjLpVO7a1NRGP/dm9ubpGlMioGiLdFBHCyFtksHZ6tiQZAMEbqZwTGgkw7B3cmugoOL/0ATujadlIZchCwGWlERF5XbNOc+zsPvnNvUQmMWAx8f5+b8Ht/jWEop/M/POXvodDpvOOebcRw7lEHZRBRFOr+rVCoPxxJ4nlcgwOtisVhJp6cREghSwngjh7OzRezstKp0Ok/Q7XbvaHCpVJrP5XI4OPwGrS6lglSSiBQEkYVhOL4Eutwql8vmwFiAmMAfvX0ikKdxa/2uKWMsga7RdV34vp8oC4Ebi8tGXZ2o60b/04FmFgTSl/RAtHWv+4GyMOr6v0v37k92kPRKmcuaYHFp1aiPXKgJPbBHzIkDbZlIxEn9dgRf/UT6+wGezRxCvXqsxNMN/xzBKVj8bZwm2vq0gha7jedf1oCpLHBxgZTsqUe96gzFpiHQ1kbbqC2b8ckkz81lca1gwc24oPEAEcWx0Fd/2Zbztuo9+GEc6CmkUqmk7rMuIglOFfIhfWccKiTwkIPx2CmggCAILmgH79vtNgaDAfL5PDLZNG2gZYhiAvKQSjsmhwE1m+ngBAzJTEx7E2bsWq221u/3N5rN5v7e3i7SroWrVxZQLs9DDEmdaQIYIAJyEQmwIMBRNEAcxclbqNfr25S2G43Geq/Xe0mjXdJLJS6/AM9RbwIaJyP700TCpdlY3z4CCxmsSc955clnZSnznnDz967KOrC+Dp2wc104yh6mZJzlfwCf3q+o0qkR9wAAAABJRU5ErkJggg==",5
45,Blogpad,"data:image/png;base64,iVBORw0KGgoAAAANSUhEUgAAABAAAAAQCAYAAAAf8/9hAAAABGdBTUEAAK/INwWK6QAAABl0RVh0U29mdHdhcmUAQWRvYmUgSW1hZ2VSZWFkeXHJZTwAAAKRSURBVDjLjZNLSFRhGIYn1IULF+2CiJA2tWob1CIKa+WqoghaRBERrYKS2kSLCoKIQmbQKAwLSs3FRDbeM03TmmnGG3kZc3ScizPjzJnRuTlznr7/eGFMgg485xzO977v//2XYwJMhZx7aDssVAsOISREhQnBomp/6wuNZYJZyLbaPYzOafwOZ1hIrOKNLNPumEPV1jVlWwLWzbY33RPk8jpeDZqH4rwfjvMtkiElorygakqjtBshGwFmVYhlMa6EqOt7YtT1L+GK5dHlmzzQ8mv19RCzESAvh4S8J5KlfiDMZHhN1GJPYekMM72M0UFAbgl5ZhS6rgLyymuM3ibzaxnWeN4ToqY7xIgXpgIwMJmQ6aSJpCEoAZq0Es1BXGhbWxOzCnC6PDFe9S1KQBDL5yBWh0ZD77QS+BVNfW4SYlqQbiaXwLWQw+XRVN2pAsJj3hUZOUiNmGslZNCdUEWfsHsd30QgjVUWtfFHzGDEm1Sa8GaApSuIuSNAdYefoZntASPzSRrtGq8Ho0KE4YIAp3M2irnLb5jfSfpkWEe1vTGFhl43fS+f0nXhAB3HS2g9s5evlnubUzAWsX8mhSsIc0lwx4UYTCymGfWl6a+rxnnzCKmPj9HHbay8vcH36wd5cvFU7+Y2ZmVrgrJHv6Jg98MXD7RP5/gwluHT2X0kxcyzSqjaCQ/KCT06SsuJ0oUtBykk2+UKQa+Y26Z0rOOrNLlSRtu6vZnCK3p3Fx3HivVtR9kb1/kpHbRP5bCOZGhyJrGd3sPyi0sgpvQtE0uC52oRrRVF3n/+TI5ZjXF/xliDgdr7DF7Zj6+qnMXbJbgv76Czsjhnqyi6Y/qP31nhqL12vr/lZKlPtS0jzyuz0v8BvOcGre/IsB0AAAAASUVORK5CYII=",1
53851,Feednation,"data:image/png;base64,iVBORw0KGgoAAAANSUhEUgAAABAAAAAQCAYAAAAf8/9hAAAABGdBTUEAAK/INwWK6QAAABl0RVh0U29mdHdhcmUAQWRvYmUgSW1hZ2VSZWFkeXHJZTwAAAEXSURBVDjLY/j//z8DJZhhmBpg2POQn2wDDDof8HvOe3osYtXzDzCxuM2vP3gvfn4MJIfXAP22e0Ies58eK9r2+r//3Kf3YOIhq17eK9v95j9ITrv2jhBWA/Ra7kVEr375vXDrq/9+s57eUy+4IY0kJx2w6Nk9kFzE0uffgXIRKAboNtxlC1/+/GPljjdABc9+q+ZcM0Z3qmb5LWOQXOmml/8DZz7+qJB0hQ3FBerFNyNC5z/9nrXqxX+Pvgf35OMuSSPJSXtPfXQPJBc089F3oFwE1jBQTLkiZNtw51jq4qf/XVvuwsPAa9Kjexkrnv8HyclFXxTCGwsyERf4LctvHvPuvAePBf8pDz/Y1N45BpIbKUmZFAwAR3nW32nUrY0AAAAASUVORK5CYII=",3
4,Yotz,"data:image/png;base64,iVBORw0KGgoAAAANSUhEUgAAABAAAAAQCAYAAAAf8/9hAAAABGdBTUEAAK/INwWK6QAAABl0RVh0U29mdHdhcmUAQWRvYmUgSW1hZ2VSZWFkeXHJZTwAAAI5SURBVDjLpVM7i1pREJ7rYxXFiKjxVYhIMBhMbWGbIk0wasCsCCkD1vkR5gcEmxSpsrLIxVaQCKYQRAW1kgTxrVEUn7i+bmYO3MUlkRQ5MJwzc2e++Wb4LicIAvzPkZ072WxWgYCv0N6eTqeneD9Bw+epjvcPvD+jZf1+/1Gs4UQGWOzG91ej0fjcbDaDWq0GlUoF9H0+n8NyuYR2uw3j8fg7xsLBYLDHCimBLJPJfGu1WtROuHT2+71QqVSEZDL5RayTiFTQeWYymf45s81mA2zy8o8dYJAhjkYjUCqVoFAoQC6Xs9hms4HpdAq9Xg+cTifLvQggk8lgNpvBdrtl/uFwgMViAXd3d+wbxf4KIM4klUoZA0omw7kZiLhsKj4ej5cZULJYxHEcSxZjEonkMgMRgOYtFArQ6XRAr9eznbjdbpZTq9Wg2WzCcDg0xGKxD/V6/dMDgN1uB+l0mvnRaBTW6zV0u10GSOChUIgtdjAYcKVS6SPqwngvpFQq9QuFY8zn8/Dm+hpSNzdQrVaBROXxeKgIJpMJdQer1brDBlc8z8/vGdCsxWIRNBoN8wOBAPPD4TDodDpYrVakQkgkEuBwOBaYYtBqtYrzEd6hZHlc1hX5NAqxi8fjTNZ0aCRqVC6Xf/p8PgPqYsud/42RSOQFbvzW6/U+QsVxNC8tsdFoMGHZ7XYgtWLOFJcsyeVywwcALpdLarFYPNiRxzkfYxEx5FCF75Fhy2Aw8OjLUVTHfr8/RkavfwO7WaXhrjM2EgAAAABJRU5ErkJggg==",2
7581,Photofeed,"data:image/png;base64,iVBORw0KGgoAAAANSUhEUgAAABAAAAAQCAYAAAAf8/9hAAAABGdBTUEAAK/INwWK6QAAABl0RVh0U29mdHdhcmUAQWRvYmUgSW1hZ2VSZWFkeXHJZTwAAAHqSURBVDjL3ZHbThpRFIZ5i3kcLRYPqIgUGcDhNKBAqyKCobTR2NhiKmCstcWmBmtLPaCO4CQ6SBWVKInx0N70KbjhCf7O3ia0ZS686F0vVrL3Xvv7VvIvFQBVuOITQxfe6tj5IEPu9xW/ZxGcu2aJnAksxW9eYP42hmB5oBY48zAjJ240QoP7HH3j8xYhWgwiUgiAyxpFlTxZmL2ewvrPNBJX0wid+TF0zCsEHtEKGcbT4igWK0k8OwzBumGo0uZoeUCYuZzE0vUcVn6k8OSbUyFwyfDbSgKvShOIFsZgWTfU2K96pv5huOSm8KfvS/AXHAqBQ2CxcJFAsjwDe5YFgWkGdzCPoSMXHhed8BXs8B7YFALbVh/6Nx+RyWAzevR91qEu+Jf6XwRuecdkTSRp27YcVtaoCLE33Qn9sha6D+3oSrVB+07zO0RXzsx4chxmT18ifhqjSTcKej5qMbkfRVQM12EqILA8uRaRgnguhRE7mqJrahR0y5MjYgi+TTfsq1a0vVELVODYMVUJ/Lo0jZG8768d/1md71uhS2nBZxwYzwXRn2bxMNksqLgtoxgQ/RjOe2HK9FCrYaVLIehY1KB9oYVpnVfXnKscrMsmqBNNEm2a13ol05c7+L7SzD1gWpLNVXW8SST3X7gvtJUuvnAlAAAAAElFTkSuQmCC",1
19169,Dablist,"data:image/png;base64,iVBORw0KGgoAAAANSUhEUgAAABAAAAAQCAYAAAAf8/9hAAAABGdBTUEAAK/INwWK6QAAABl0RVh0U29mdHdhcmUAQWRvYmUgSW1hZ2VSZWFkeXHJZTwAAAHISURBVDjLpVPNK0RRFP+9D98syMwUspHkm9I0YkFZWBFKkZ0s7a3Ewh+ilChK7FgoZCJFKYlYKB8zk2+Z5t0P577He29kQU7dd+6575zf+d1zztWklPiPmOozt/U4SThjXIoyIQS4AJjSXO0lGGlvcXAm6Vzsz4xUhm0AIeX4QLig+C+ZpxbOG1wGhGYHr1zMUmZGWRgs0ha3PE1nX/8mWmdgWTzLB+DUYbhm9FfZ35IEyrhXA3VXJfPbsV8B9LQUIeUHYJ8ASobag1jcucNgW8g9W4reYSDi2YnnZDoDiwCokDANct6NwTB0LEdj0HRA/wxa2SN25JNBEdWluUhZ366gqmAaGvrCAXKOozccTGPgt8+vn8GYSGcgyTYp3dpBnBg42nbQPRBTo5bTvqYkmxL6AQhNTWQGBXY3B7BxlEBXozcW64dxRKoKUZBju+P06gl5WaaviMJBM3TNDlbypemIZgHYOnlwASsCmW7nHADGnBoQ3c76YmweJ9BR5zFYjsbRHwm4tmJg6PhWA7pCXXk+bu7fURHKweXtq/sWaksz7SC/CCGFrwtyZ3r+rCnFRZ7qr1qc6mLZj4f9OEyPL8lVpbX/PucPv5QPKHB1TdEAAAAASUVORK5CYII=",2
35,Gabspot,"data:image/png;base64,iVBORw0KGgoAAAANSUhEUgAAABAAAAAQCAYAAAAf8/9hAAAABGdBTUEAAK/INwWK6QAAABl0RVh0U29mdHdhcmUAQWRvYmUgSW1hZ2VSZWFkeXHJZTwAAAKsSURBVDjLhZJfSFNxFMcHPUUP0aP0EoSEVEaY5QixFzMTRtLDCH1QqIbEKBCzTEyxPwotsbLUETSHmTUTm86mrk03N9eW253Oua2pW8OcS6Z3d7uzWd/uZi0qaQfOww/O93N+53wPCwDr7yyoJ0oqRG61oM9P3u3xkUUCQp3C7SnZqnZLsUDqXzK6wpjxrGPKHcHYDAVei3NpW86TkqSAcqZzTOz8vI4PLhp6ZxjmBRpycxAZZXJ1UkBjr4+c9myKJxw0NLYQlNMUxmcpFDZayaSAum4fScxHMGEPQx0XhzBMUBhlxsivI5IDCutNaqU1CNM8jRELhUFTrHsIL3Wr2J7XmXyEnQVdNUUCKz06E4LUSOK1fg1ygpmfPxpl7eI3/xdwmK/j8oUum/jtHERDC2iQeHHrhQePemfR2mNBToV6hZVyu2ZLwH6e4tClNqdVwyzL5o3AOEfD8DEMLfN96ZtevOuqhk7WAKXkJoRVJ+1VnPTcPwDZFTqhbHINVg/N+B6C0RUD0Bjol8KqbYduahEq8wqGDH7I9XY8rT0VOp994EQCUNpkd4zbg1BaSIxZKbxnuusdYfQ/vYIxsxerwa+4U1mNWCwGIuge1OAa56AqAeAL3bTBEYJ42AcV47uOsTG2fZnoKmSG5bjwFyC6sYEOlRvNl9mrCQCvxRXR2kPoVCxDYQlu3sAUhVcPStGtWcT3n4BYfmMeDwdmcY+XGUgAcq+bXGKlH31afxygYm5BbiZxv/wcOmUqfApE45BYzH+J4nHHM5SxUxW/7Tgmzd/B1beWNdsxwgjHbRSzTBIdXQo08dkQSSR4PkRAPDCJdlEbqjhpgTOZaex/Dmk3d3gpg2/w5t0gAjmVRDT1gi6653Rr8OzxPLq2+OhGfXF64GLWXjnnyL6sWP0PKd/8SStdk8YAAAAASUVORK5CYII=",2
32,Skiptube,"data:image/png;base64,iVBORw0KGgoAAAANSUhEUgAAABAAAAAQCAYAAAAf8/9hAAAABGdBTUEAAK/INwWK6QAAABl0RVh0U29mdHdhcmUAQWRvYmUgSW1hZ2VSZWFkeXHJZTwAAAK/SURBVDjLjdJZSNMBHAfw1UMPhfTUQ5bgkfWQSodmYplroiAkXkvXcnOVipqsWhLKXEvnUEHUOecU72tec8vEVgQamUfeUzzThcc2QUqd+09b+u0pMxTz4fv04/d5+PIlASAdFG6wJWsk3351ofoMZstszKVs22I/V9tjf+4HPrN9z1I0lTZbizWnsTsFsXbZhwKKmadEi03O0KoiQHRnQit3x6LMCqP5dj8OBUiCT2bqhlRY/SyBeagchk4JFgZb0ZZyWXMoIND3buRY1bPtteFGbI03wTiqhK5dhGSGp3xfIJJsz8pj3V4VhZEhCaeYo0Mc+0QvYn/q5BzMv34FXXMSOqSP4RRxsdUl3uHEPwDT/Rwlj+W1lU0nY3dKstjILRAgQ8yFMtcf4y001CjC4ci7UHaJc/74DpAVcqWjMNofTfyHGKvhoppDhSiMAmmUF0qHuGh5Q8VyDxtmQw/mP9xHRhUNbtEukh1AHGLXMN0m21OYLJEMueoelj6GwbxSiZVRPpa7eJioCMBQmsf/C0tPCUanwg+b3+uwoeVhQ1+IlWEeiDk+pqSef4GjV3MSxAlxewpzoD5HRYkP1mfSQXyLgWmOA0LDBDFFRT/fzUQCQDriXvsokNNvaNcDwno5kkpkiBeVobZtAL3VUVDLQw1rkwwQ034wzdBhnKCin+9kqgi1ppFsfKVUKrvF2Dy+BcEYEPEFYLQDwvoWfCoLBzFXAOPXIBCT3ujLdl0fTHHRqwXX9DKGdRAAEkktcP7V15gLjkIHpgpgKrdBl22jqy4GG9pyrKmvgxjzwYD4Bgrodg9UQZYW7Qwri50haXJuaRtTn4LG60bke4D1FmAogS4FG5tLQhgn76A7xwO9wpvYb62kycoot9bkwERXapXS+UkvyDw1yLwRpKW+RHdRAN4Jvc1FcV4Ns6U0+n7Ab/dSu26WPRQHAAAAAElFTkSuQmCC",2
235,Dynabox,"data:image/png;base64,iVBORw0KGgoAAAANSUhEUgAAABAAAAAQCAYAAAAf8/9hAAAABGdBTUEAAK/INwWK6QAAABl0RVh0U29mdHdhcmUAQWRvYmUgSW1hZ2VSZWFkeXHJZTwAAAFhSURBVDjLpZMxbtZAEIW/N/bP7w4aSiQuQEODEFdIAVI6KFJwgeQenAEBFQVU1CBOkAsgroDSRMof77wUa68tK5GQstqVd1fz3rw345Vt7jN6gM8/zj9k6u3lIYer8ZaoTY5dD8OOj+9fPz/tAdJ6d/TqyeNhGCR1eMIkAMIGez6bMl7z/eefE6ASXF7lfr8f9OX3P0oxY2b9lmQspkznkibTnB0/paQEEACHESI6hKhTTa7mrepegsxNDWhyadAaLIQJCQssiAA3kxuCBpKRRMhkCBlCVW8a1p1rBPYCXjKKTrNRkOvCuougkkTULA4tHRQ4IVb1aQSeCJbMJlZgTdlTqsRwt4LqddUFJms2YWPfpsBugRFTRWffEkojs4CnH6sRaLoNQbImEWlXZV7L3xRx2OmCvH745sUj0Ozd89wMMY4H+k5uBA96ff326+/LQ/Gz/3mcfQe74FNt7T2f8w1Fi68/h3owMgAAAABJRU5ErkJggg==",3
7,Wordware,"data:image/png;base64,iVBORw0KGgoAAAANSUhEUgAAABAAAAAQCAYAAAAf8/9hAAAABGdBTUEAAK/INwWK6QAAABl0RVh0U29mdHdhcmUAQWRvYmUgSW1hZ2VSZWFkeXHJZTwAAAMvSURBVDjLXZNtSFNRGMcvgQQRfYsoCD/0waI3ikqzIoTojV6IgiwrtBejzGRlVGi1QaHZamZpaaalNnPWyjmNlrZ11dnyZc6luWauXNmWm267zvT68u+cSy3rwO/e5z7n+f/Puc+9hwHADFQwkwhigonwjjCZ5idCcjN+zxsIIX/yTL+SCSKkDTREfeVdWngb9jkNqq21iVW8juD+je6tagfrMx5zDbYnu0m9gTBbMHAWM0lew/5vw44K9NbH9DcqwrnUWhduNzhxv+W7AI1vsF1oUSz1e8wSP9dy+gfRNRGCGPsD5oLPlOx21MT064vCRzLqu1Fi6oGc/YwsZRsyStvwoLoLcuNX5L3R4oNqw9igvXTU8XyehWhDmE/ZzJqOnCmWutxF/jRtF4oN3VBqbei0e+Hycuj1DsDS7UWhphN5NTaUlElhkocNtedMaybaEKERiffLr519akZOrQ0KshodfR4PPn77jp8kpnDjwF11J7J0VlxUsDier78i9IBeorKbdGeemHH3hQXtZGX/yDg4vx+ZeflwEiPf0BCevnwN9qMHKYpW0FqqCRjsSmfdInkzrj4ywTnIo29oDMNk4rxYgiJlGc5ekkCjN8Ds4XEqywBaSzUBg20pL9yxuQaI843o5nhiMga7x4fL0uuCmDW2oncEaHTxiE+vB62lmoDBxotPdJEyLSSFTXhj9aCHvLTdx6NSV4cutxeOUaBEr4ToTjRib2zHnivrsSkp1hYwiDjzULxZ/BwJ9/RIVVjQSxrWxwO+MQKJS+seQ1IaA/X7TLT0aCB7dRy7ZQsRGjdTKhisis9aRmhbf6EcomwWVxUdMNr6wZF+cH4eMWmbUGZOR1l7hvCFpFVHIKs6Sg1+Bv71FUekR4+lFvrXnXuGA9JXEN1ikXizFiJZDbYkLUHl+1xMHKrWTGrw97Do9foIs9mMai07uiouF8tPyBGaoBRYeSIY1zQHkaKJFsQpL6P/3YFarZ5O4KxWK1Tl5e7Fe5MlCyKTdAQ3ZemhiC87pXNxXXNYWJne6XOgBwUFBVMJHYRhwvz/jzKFFKeGxc0aoNtefTJ4fG3CnFs0/wsC49wP713enQAAAABJRU5ErkJggg==",5
43035,Vitz,"data:image/png;base64,iVBORw0KGgoAAAANSUhEUgAAABAAAAAQCAYAAAAf8/9hAAAABGdBTUEAAK/INwWK6QAAABl0RVh0U29mdHdhcmUAQWRvYmUgSW1hZ2VSZWFkeXHJZTwAAAHqSURBVDjL3VJBaJJhGDZ+F7Sduo0gYoeEDkJ6iV00t/Yf1H+il99TMPrFUjuY1XQKpeAOggMV9DQPnUTQTg0Xc6B5GSM7WXj4N6QIKdKgNd0yn753B1m3H7r1wQMvz/s8z/fA96kAqP4Fqv8owGAwzHg8nifxeLyXz+cRiUQ6Pp/vFsMsm2XiaEca0v4VoNfrL1qt1kQqlUK324Usy6jVaohGowfhcLjebreHxDUaDZCGtOSZBOh0uuVAIPC91Wr1nE7nlsViGblcLqTTaYRCIdBMHO0KhUKHtOQ53yARi8UGmUzGbbPZpo1G449qtYpms4l6vY5SqQTiaEca0pJnEqDVah+43e5+Npt97HA4tk0m0ynP87Db7WegmTjakYa05JkE3GBHEIQPyWSyXywWv5XLZeRyOfj9fgSDwbO5su7Brnjt987CFF7y06cvTJc2JgEajYZjFW+azeZDSZKOvF7vgOFEFMW7DIvZFX74LjCPwaskxu8r+Fl4hH2vdvR6Uf1Q0Vtv3+HkY2ZGWgBWLwPrc/iauA3GHygK2FlQj8dvyzh/+s9mQbyyBkvcx6PNewAzDZ+q0GPo3OfA+E+KAt6IV57vSdd/fV6dw5fQFGTpAqqCelRZ4tYU//mGeDXIbjyk2tSIzMT/ASTzlHJFEjXFAAAAAElFTkSuQmCC",5
263,Zoozzy,"data:image/png;base64,iVBORw0KGgoAAAANSUhEUgAAABAAAAAQCAYAAAAf8/9hAAAABGdBTUEAAK/INwWK6QAAABl0RVh0U29mdHdhcmUAQWRvYmUgSW1hZ2VSZWFkeXHJZTwAAANvSURBVDjLVZNbbFN1HMe/p+d0be3p6Lr7unWMbuCQbR3FQWAEyPASkYe5mHhJTIhhPPngDAQTEGOMIZBpFiKoIWiIhAdgYxI14cFEo1M6O+Zmx1ob2MbYhbEb6zn/y7n8fcCZ7ZP88nv7JN+HjySEwDKfDX6oMpO3Uc5fpJw0UM5AGY0Ryn+U+dZP/OI116evB3WsQFoWtA+c2MUM/vVmf2OFrLhhSBYKPPn4Z3wInYnL54LSF4PcMA9zbh043xr+eZXg9F/Hm0POys5cbwke8Fn0Z4YgCwe2q/W49MdXcx6zucEn7Y01VKqBxMhjjE5mXrlypLYLAByn+o8HKKcXC9QQ+jIp/LLwOxaMRVR6yjE9dR+aRo55RdN76wvcgcIcN6qKVRDCLz5/tCcAAA6dkbaof5eaJuMY0pPQTYp8OQCVOnF94Gp/UD5zixKjtbLMi+EJikC2C1WlPpXqpO0/gbZPdrowmBkGNxmyHSpqs59GLPUbyBJ9x2BKR2SdT+aGjfFZjtQUQ1GuF5TQfU8EhG5kkgkHJETUTWjK2YGpu6OIp+MXQt5vSghh0Rp/EsFHpwC6iLFJBpeigFFSAQCKRnRS6M7LavRtwfTEfZzra59jGu84Mb//bHIxrvy6Zu3dAq37mdLwDtTP/oSbCy+BcQWcUBkAFF0n93rv9ERu/N01wwg7eWSy9ErTnPctoSeSO/X4buf+7XklZVuQXVyPGtcHSPvq8OBhITgj6ScTNPJt98C1Q+1j4fqb6Zpg04x7yCgv+9iS5cBCnRXelns7z5fnh/X4O5TXv4md6g8YSY3BYOR7AFC60pELQicnhU7OGOHyLCNcDtuyoNwexFIV3g7VviqD9iF2qRvbDr6PPNIL76JJTSO/AwAcIqMp9lLmDbY1msWrKkCSw7A1At2vwxWKvOzL0WGze4CwYWV6UbG7DYdqYrPXmzspADicn5+dsZe0A9KtOJAYhrOoGBbJYG6TCX8oAlsfgLAJoi0bYPMJuN0prNvcEjQZf3dVC0uNe54TlH7Jw2srFqslOJueRdF6D6xMDEJwxK/dQbSlGpK8BvC8gD/PH3sobHuPtLLG+eo61WL88Ghr9tGNBy9nyY4RCHMegFjRnwOyZwOmE/1I3fjo6irBMj2no4+EZT8lbAFh2ytO/P9h2xBCxP8FbMDM8CUkkoMAAAAASUVORK5CYII=",4
132,Feednation,"data:image/png;base64,iVBORw0KGgoAAAANSUhEUgAAABAAAAAQCAYAAAAf8/9hAAAABGdBTUEAAK/INwWK6QAAABl0RVh0U29mdHdhcmUAQWRvYmUgSW1hZ2VSZWFkeXHJZTwAAAKbSURBVBgZBcFNiFVlGADg5/vOuffOdcb5cbKcjUn5V7poFJEiKMKybDYFgdSmKAiiokW1aNHSXWQQuGwR2KJFq2hTkFqUEbZRMzQIJS1nbPxjnHvvOd/b86SI8OSHx1/uT/ZeyslujCGBhEhE0ZTy5/Vr8V26ufzeiSMLQ4AUEQ4c+vHE52/tfiDnNB1UAoAICIu3R47+et0/FwcrZ0+fW/fDkYUB1JCrtK1bV9NnrqpySiSi0EbRNOHOqPX4lrX2bq2dLItromxffuzNr2eOffrsIENKaSIiqm6VdTJ1ospUiZTIEoq5ya6FPXM2be7168nxz6De+c7vhx+a39h/48tF8zN9nYqfrtyx956+4aj49swVMxPTtsyuc+9EpdepbXp41rGf/3oBL+ZmEKfunqiNBfv3TDl+acXqMDyxa8rlxaEUvH5gvQvXkpMXG9+fX9HrVFKdG8iKX26sFM/vGFen7PbSsq29WpWT01eW7Ns2Z02v0utWxrqVsW5HyKQM6mht7lX8duGOj7+5ZPv96y3913r/i8sU9j86Y9QGKUttEjkURAB1jMq4YClluWV6NUlTterSooN7N8opqasgEkFI2kJbgBxDvWiTs+evOvTKg/qdZDgqbq0Uj+yaBEmSIqlzUuVkrJO0TYC6jGKuSnSa0O9mf1weuNHe9PTWDUqEErSFQAki0amyZtiAOrVp6tz5qw6/ep8miqlOdnG59cy+WSWAKlOhkxMoEUaDAvKFr3Z+MBhdX51eW4PXDm7wyds7AAAAQJQwWm1AhmZQSlNKAAAAAADUdS5NWxqoYbTa/jvere6SRuMRkQUFMNWvQQT9TpaS0qnSrbYpf0MNKcVHT717/LmU0nyINQCCQAggwGop5VSdHYX/AYn4JwmEykruAAAAAElFTkSuQmCC",2
977,Skipfire,"data:image/png;base64,iVBORw0KGgoAAAANSUhEUgAAABAAAAAQCAYAAAAf8/9hAAAABGdBTUEAAK/INwWK6QAAABl0RVh0U29mdHdhcmUAQWRvYmUgSW1hZ2VSZWFkeXHJZTwAAALHSURBVDjLbZNdSJNhFMf/m/v+atayydzEFk5rlbrmLBcpRV4OW9hVdNNtV14IuxQqIoLuvI1ouykLE4rdhnNivTmKikywbaBurM19f77v2/O8MJmtBw7PA+97fuec/zlHxPM8Wk8ymTSLxWIvx3FTjUbDQQz1ep0plUrBbDa76Ha7463/i1oBiUTiokgkmpNKpR5yg4BAAdVqFYVCAbFYbCmXyz2anp4ON33Ezcfu7q6ZRJ1TKBQeuVwOCmYYRrBarQalUgmLxeLZ39+fW1hYMLcBSJpeiUQiRKYOFOJ2X8aViQlotVqUy2WQzGAymTx7e3vepp+k+ahUKlMajYbeQrQf20mshVeFTFyuMfQaj1B90NXVhUwmM0Vcnh7KgNTpoD/TemUk+lo4BJ3FCV3fJD5tN6DT6WiWUKvVKBaLjrYSiMqCYDR9EhYcB9SgQoWVwSCLIvX1AfhGHkRECsD/AEw+nwfLsiDtwqWxURTzWZTKWQwr30PVeQ7y4jqi0SjVg2kDEHWDRBzhHQqFIEUZd66ZMHMqDL3xAnTdwxDnGMR+rtIyg22AdDq9uLGxEYzH4yDdQCQSwbs3z5D+tQytQQ829xZG+21YVd9TBg231AYgyruIQCdWVlaEj4ODA7Ad20H3mRnSos9Yf+6HRl+GWVczjPSJHx4C+P3+m6QDfjJ5Q6T+e4FAAMuBJziqlkLbWQJX3SbCcmALH9E3MQu7sXprfPTs/QMAmcCXVqtVptfrYTabY46R87huZ6G3DIErfSG+ZTi8NnC1HSgUmxhw3sCope47ANDhUalU6OnpgdPphOskYOkfh0qbIq37QzamA8zrTRoKXGUTx/t7cdUmwYd5+2lhmXw+H7+1tSUMEbXZyRzcd1+gQ/ybADLEsXVjxehQ2pD4FsHm8vwr0b/rTM/qY0eKZzkVz/Ekfa7F+IObThrxZf4CSlpy3yYZtPsAAAAASUVORK5CYII=",3
