supplier_id,supplier_name,contact_name,contact_number
0,Ntag,csiggee0,859-808-0220
14,Yombu,dtran1,240-101-4568
71853,Brainsphere,fjedryka2,854-360-7348
30360,Twitterlist,smccaughran3,251-952-7275
277,Eimbee,fdrache4,763-786-0709
0,Skimia,lbatterton5,880-170-2621
7241,Eabox,jgierek6,197-821-3855
86,Jaxnation,ssickert7,573-470-8472
8806,Wordtune,vlegrice8,808-630-7627
9,Meeveo,xlattka9,866-292-8020
4,Dynabox,ljakubiaka,814-860-3307
277,Gigashots,mmowbrayb,834-700-6346
1,Livepath,chegelc,778-552-9643
768,Babbleblab,mguisbyd,337-241-2715
01930,Tagcat,agindghille,401-144-7031
6372,Dabfeed,fgajewskif,319-340-5668
2684,Izio,shandrahang,762-785-2476
73,Photofeed,jlatheeh,229-157-4704
3,Oyondu,hhubani,121-397-0832
260,Vipe,xbeinkej,291-674-6038
04838,Tagcat,bjestecok,269-550-3305
4897,Wordware,mfitzackerleyl,589-729-0422
38108,Zoomdog,jwaltersm,367-306-5509
21,Zooxo,sspiersn,628-590-6625
40,Yata,scraftero,438-913-8554
83146,Oodoo,bcaldecottp,515-592-5454
826,Thoughtbridge,bkingstonq,115-691-0386
6016,Demizz,cpargentr,472-333-7195
4516,Bubbletube,elastys,284-783-0182
93,Flipbug,dmillimoet,644-647-0048
60806,Zoomcast,bmcgavinu,460-204-8079
877,Einti,dkroonv,985-495-6125
7502,Quinu,aweinw,675-573-9353
3,Browsecat,akornelukx,297-138-3605
334,Minyx,nmcculloghy,558-508-6237
121,Kayveo,pgoddertsfz,130-230-5079
67883,Skipfire,nsowerby10,594-678-9166
9412,Oyope,vthorley11,776-409-8452
177,Quinu,aplowes12,198-108-5971
1837,Innotype,aepsley13,449-598-0180
6,Oba,apenberthy14,962-226-1675
9,Midel,greignolds15,619-625-3245
6457,Dabfeed,rpires16,695-915-1491
3147,Skyvu,dluparti17,826-241-8096
8,Tagchat,crignold18,154-738-1455
658,Gigabox,gwichard19,942-971-7438
3,Izio,scapaldi1a,945-382-6470
3142,Wordify,vpearn1b,436-316-4685
38313,Flipopia,wgherarducci1c,227-355-7140
019,Muxo,cmulford1d,835-406-3110
394,Tagcat,lbradlaugh1e,781-509-2208
5456,Aimbo,rdionsetti1f,549-732-2727
315,Plambee,fdamiata1g,919-650-9091
72,Mymm,gfochs1h,896-883-1806
30240,Youbridge,wgreengrass1i,703-386-2709
17,Quamba,rsturge1j,995-416-3503
6861,Dynabox,vlissemore1k,179-372-1732
6041,Bluezoom,gwanjek1l,824-106-2144
40797,Agimba,tburndred1m,722-216-5955
95,Zoomzone,vborel1n,334-620-9035
34058,Mudo,bclerc1o,833-316-3089
3,Miboo,cjahnke1p,251-848-9271
35730,Jabbersphere,ospriggin1q,544-272-9139
00344,Myworks,erobertazzi1r,470-508-4786
4,Edgepulse,fbyron1s,641-562-5498
81739,Mynte,rmarshman1t,128-853-1860
22556,Kayveo,ekingerby1u,589-670-5204
45,Edgetag,rbalharry1v,590-936-9489
440,Jetpulse,aelfleet1w,646-819-0216
07203,Avamba,jvolke1x,231-190-5406
73,Oyoyo,bgudger1y,444-833-5806
227,Tazzy,edeverell1z,476-380-8754
1323,Camido,bwesthead20,884-167-6184
2,Plajo,awildbore21,894-179-9393
50167,Skyvu,jhoffman22,967-945-6265
42291,Agimba,sgallen23,911-119-9104
89,Flipstorm,klorincz24,412-791-2597
5983,Skalith,rdood25,757-267-0459
93,Avavee,jcutler26,750-591-9038
1497,Skimia,pcorhard27,293-101-3053
40504,Flashdog,swimlett28,530-963-8420
07,Centimia,glambrecht29,770-706-7005
84711,Yakidoo,bcrabb2a,966-474-2466
12,Cogilith,pcaris2b,809-325-0715
680,Topicware,ghubery2c,101-865-8095
65,LiveZ,tdafydd2d,689-897-7818
1,Mybuzz,amisselbrook2e,900-844-2024
4372,Skyble,grockingham2f,971-190-7643
95,Voolith,dware2g,866-315-4118
1101,Twitterlist,tswetland2h,268-103-3429
53,Gevee,rmargett2i,832-833-3928
70,Flipstorm,pdripps2j,152-187-7013
3,Twinte,klarmouth2k,230-792-3950
38,Kwimbee,bsearle2l,196-202-4919
7553,Voomm,gshilling2m,467-640-7868
79,InnoZ,esadry2n,172-108-6565
41776,Oloo,fgrunbaum2o,263-315-7652
6,Voonte,aboutwell2p,939-202-7252
01158,Eadel,doury2q,945-490-8210
4612,Roomm,cchislett2r,856-770-4717
